step,type,amount,nameOrig,oldbalanceOrg,newbalanceOrig,nameDest,oldbalanceDest,newbalanceDest,isFraud,isFlaggedFraud
1,CASH_OUT,811.96,C10,3768.66,2956.7,C38,3287.6,4099.57,0,0
1,TRANSFER,143.55,C25,3920.45,3776.9,C4,1825.92,1969.47,0,0
1,TRANSFER,59.49,C2,2542.54,2483.04,C40,487.35,546.85,0,0
1,CASH_OUT,14.48,C34,3371.44,3356.96,C50,4210.12,4224.6,0,0
1,PAYMENT,105.81,C12,3199.7,3093.89,C1,1505.0,1610.81,0,0
1,PAYMENT,115.23,C7,1562.48,1447.25,C1,1610.81,1726.05,0,0
1,CASH_OUT,8.95,C24,1408.94,1399.99,C40,546.85,555.8,0,0
1,DEBIT,32.1,C22,4630.2,4598.1,C18,3643.05,3675.15,0,0
1,CASH_IN,22.18,C34,3356.96,3334.77,C43,1886.45,1908.63,0,0
1,DEBIT,177.7,C2,2483.04,2305.34,C39,3047.16,3224.86,0,0
1,PAYMENT,349.06,C7,1447.25,1098.19,C12,3093.89,3442.95,0,0
1,PAYMENT,189.02,C6,252.97,63.95,C5,547.2,736.22,0,0
1,CASH_IN,842.41,C39,3224.86,2382.45,C11,371.63,1214.04,0,0
1,CASH_OUT,114.4,C49,2189.59,2075.19,C46,2599.85,2714.25,0,0
1,TRANSFER,173.36,C25,3776.9,3603.54,C42,4576.47,4749.83,0,0
1,CASH_IN,59.8,C26,4820.83,4761.03,C25,3603.54,3663.34,0,0
1,CASH_OUT,671.37,C2,2305.34,1633.97,C5,736.22,1407.59,0,0
1,CASH_IN,201.24,C45,281.12,79.87,C27,650.02,851.26,0,0
1,TRANSFER,104.54,C37,4089.19,3984.66,C14,4016.34,4120.88,0,0
1,PAYMENT,61.57,C34,3334.77,3273.2,C35,4364.73,4426.3,0,0
2,TRANSFER,128.29,C38,4099.57,3971.27,C3,593.02,721.31,0,0
2,TRANSFER,21.47,C30,1721.55,1700.07,C42,4749.83,4771.3,0,0
2,CASH_IN,46.34,C15,3737.44,3691.11,C37,3984.66,4030.99,0,0
2,PAYMENT,117.21,C4,1969.47,1852.26,C6,63.95,181.16,0,0
2,TRANSFER,50.05,C42,4771.3,4721.25,C19,559.77,609.82,0,0
2,CASH_OUT,88.38,C34,3273.2,3184.83,C45,79.87,168.25,0,0
2,DEBIT,307.54,C50,4224.6,3917.06,C26,4761.03,5068.57,0,0
2,CASH_IN,13.94,C25,3663.34,3649.39,C37,4030.99,4044.94,0,0
2,CASH_IN,461.86,C25,3649.39,3187.53,C4,1852.26,2314.12,0,0
2,TRANSFER,45.86,C18,3675.15,3629.29,C6,181.16,227.02,0,0
2,CASH_IN,220.58,C21,3562.17,3341.59,C15,3691.11,3911.69,0,0
2,CASH_IN,21.09,C9,1692.98,1671.89,C43,1908.63,1929.72,0,0
2,PAYMENT,165.38,C48,1610.16,1444.78,C27,851.26,1016.65,0,0
2,PAYMENT,94.0,C43,1929.72,1835.72,C35,4426.3,4520.3,0,0
2,PAYMENT,326.33,C16,1212.85,886.52,C6,227.02,553.35,0,0
2,CASH_OUT,51.79,C42,4721.25,4669.46,C20,2159.03,2210.82,0,0
2,PAYMENT,110.16,C43,1835.72,1725.56,C36,3713.81,3823.97,0,0
2,CASH_OUT,146.73,C37,4044.94,3898.21,C48,1444.78,1591.51,0,0
2,CASH_IN,52.25,C17,4270.77,4218.52,C25,3187.53,3239.78,0,0
2,CASH_IN,21.02,C7,1098.19,1077.16,C35,4520.3,4541.32,0,0
3,PAYMENT,233.45,C40,555.8,322.35,C27,1016.65,1250.1,0,0
3,PAYMENT,66.81,C41,4566.14,4499.32,C50,3917.06,3983.87,0,0
3,TRANSFER,314.51,C1,1726.05,1411.53,C27,1250.1,1564.61,0,0
3,CASH_IN,108.16,C35,4541.32,4433.16,C19,609.82,717.98,0,0
3,PAYMENT,17.8,C11,1214.04,1196.24,C43,1725.56,1743.36,0,0
3,DEBIT,392.79,C49,2075.19,1682.4,C30,1700.07,2092.86,0,0
3,TRANSFER,243.69,C37,3898.21,3654.51,C33,3779.84,4023.53,0,0
3,TRANSFER,23.41,C34,3184.83,3161.42,C22,4598.1,4621.51,0,0
3,CASH_IN,348.67,C10,2956.7,2608.03,C27,1564.61,1913.28,0,0
3,PAYMENT,12.47,C34,3161.42,3148.95,C32,4406.39,4418.87,0,0
3,CASH_OUT,36.59,C27,1913.28,1876.69,C13,848.05,884.64,0,0
3,CASH_IN,34.01,C40,322.35,288.34,C42,4669.46,4703.47,0,0
3,TRANSFER,459.83,C16,886.52,426.69,C38,3971.27,4431.1,0,0
3,CASH_OUT,197.57,C34,3148.95,2951.38,C46,2714.25,2911.82,0,0
3,PAYMENT,53.0,C3,721.31,668.31,C22,4621.51,4674.51,0,0
3,PAYMENT,52.1,C13,884.64,832.55,C11,1196.24,1248.34,0,0
3,PAYMENT,744.74,C31,2056.53,1311.79,C41,4499.32,5244.07,0,0
3,CASH_OUT,204.42,C39,2382.45,2178.03,C12,3442.95,3647.37,0,0
3,CASH_IN,92.66,C28,631.18,538.51,C7,1077.16,1169.83,0,0
3,CASH_OUT,11.94,C7,1169.83,1157.89,C44,3206.46,3218.4,0,0
4,TRANSFER,105.62,C18,3629.29,3523.67,C19,717.98,823.59,0,0
4,PAYMENT,41.77,C27,1876.69,1834.92,C24,1399.99,1441.76,0,0
4,PAYMENT,70.11,C40,288.34,218.23,C29,3805.66,3875.77,0,0
4,PAYMENT,188.7,C33,4023.53,3834.83,C49,1682.4,1871.1,0,0
4,CASH_IN,231.73,C10,2608.03,2376.3,C32,4418.87,4650.6,0,0
4,CASH_OUT,113.71,C6,553.35,439.64,C20,2210.82,2324.53,0,0
4,CASH_IN,37.43,C2,1633.97,1596.54,C35,4433.16,4470.59,0,0
4,CASH_IN,63.27,C2,1596.54,1533.27,C3,668.31,731.59,0,0
4,PAYMENT,27.19,C28,538.51,511.33,C16,426.69,453.87,0,0
4,PAYMENT,17.92,C12,3647.37,3629.45,C33,3834.83,3852.75,0,0
4,PAYMENT,121.83,C32,4650.6,4528.77,C42,4703.47,4825.29,0,0
4,DEBIT,843.52,C27,1834.92,991.39,C30,2092.86,2936.39,0,0
4,PAYMENT,381.37,C8,764.99,383.62,C42,4825.29,5206.66,0,0
4,PAYMENT,31.66,C22,4674.51,4642.85,C23,1026.61,1058.27,0,0
4,PAYMENT,65.47,C22,4642.85,4577.38,C26,5068.57,5134.04,0,0
4,PAYMENT,167.1,C15,3911.69,3744.59,C9,1671.89,1839.0,0,0
4,CASH_OUT,507.33,C1,1411.53,904.2,C9,1839.0,2346.33,0,0
4,CASH_OUT,237.77,C47,3192.19,2954.42,C18,3523.67,3761.44,0,0
4,CASH_IN,7.24,C23,1058.27,1051.03,C18,3761.44,3768.68,0,0
4,CASH_OUT,31.38,C49,1871.1,1839.73,C24,1441.76,1473.13,0,0
5,CASH_IN,11.95,C17,4218.52,4206.57,C16,453.87,465.82,0,0
5,PAYMENT,105.84,C37,3654.51,3548.68,C28,511.33,617.16,0,0
5,CASH_OUT,329.61,C48,1591.51,1261.9,C20,2324.53,2654.14,0,0
5,CASH_OUT,146.77,C24,1473.13,1326.36,C1,904.2,1050.98,0,0
5,PAYMENT,794.85,C2,1533.27,738.41,C12,3629.45,4424.3,0,0
5,TRANSFER,259.29,C22,4577.38,4318.09,C14,4120.88,4380.17,0,0
5,CASH_OUT,509.07,C22,4318.09,3809.02,C33,3852.75,4361.81,0,0
5,CASH_IN,233.53,C15,3744.59,3511.06,C32,4528.77,4762.3,0,0
5,PAYMENT,52.42,C30,2936.39,2883.97,C15,3511.06,3563.48,0,0
5,CASH_IN,428.41,C46,2911.82,2483.41,C12,4424.3,4852.71,0,0
5,PAYMENT,207.77,C42,5206.66,4998.89,C11,1248.34,1456.12,0,0
5,PAYMENT,20.01,C9,2346.33,2326.31,C15,3563.48,3583.49,0,0
5,TRANSFER,166.85,C31,1311.79,1144.94,C29,3875.77,4042.62,0,0
5,CASH_OUT,240.59,C33,4361.81,4121.23,C37,3548.68,3789.27,0,0
5,CASH_IN,48.74,C25,3239.78,3191.04,C17,4206.57,4255.31,0,0
5,CASH_OUT,811.54,C35,4470.59,3659.05,C48,1261.9,2073.44,0,0
5,CASH_OUT,330.76,C32,4762.3,4431.54,C16,465.82,796.58,0,0
5,CASH_OUT,102.16,C34,2951.38,2849.22,C43,1743.36,1845.52,0,0
5,CASH_OUT,230.91,C12,4852.71,4621.79,C48,2073.44,2304.36,0,0
5,DEBIT,198.82,C22,3809.02,3610.2,C15,3583.49,3782.31,0,0
6,CASH_IN,133.53,C2,738.41,604.89,C27,991.39,1124.92,0,0
6,TRANSFER,63.66,C34,2849.22,2785.56,C2,604.89,668.55,0,0
6,CASH_OUT,152.33,C40,218.23,65.9,C13,832.55,984.87,0,0
6,PAYMENT,153.59,C23,1051.03,897.44,C48,2304.36,2457.95,0,0
6,PAYMENT,8.18,C15,3782.31,3774.13,C19,823.59,831.77,0,0
6,CASH_IN,108.68,C18,3768.68,3660.0,C14,4380.17,4488.86,0,0
6,TRANSFER,829.06,C23,897.44,68.38,C50,3983.87,4812.93,0,0
6,CASH_OUT,46.28,C17,4255.31,4209.03,C21,3341.59,3387.87,0,0
6,CASH_OUT,115.38,C9,2326.31,2210.93,C30,2883.97,2999.36,0,0
6,CASH_OUT,14.78,C46,2483.41,2468.62,C30,2999.36,3014.14,0,0
6,PAYMENT,616.16,C35,3659.05,3042.89,C38,4431.1,5047.26,0,0
6,PAYMENT,94.24,C44,3218.4,3124.16,C22,3610.2,3704.44,0,0
6,DEBIT,5.57,C10,2376.3,2370.73,C3,731.59,737.16,0,0
6,CASH_OUT,13.99,C45,168.25,154.27,C9,2210.93,2224.91,0,0
6,PAYMENT,13.93,C5,1407.59,1393.67,C45,154.27,168.19,0,0
6,CASH_OUT,84.11,C48,2457.95,2373.84,C50,4812.93,4897.04,0,0
6,TRANSFER,36.72,C42,4998.89,4962.17,C30,3014.14,3050.86,0,0
6,CASH_OUT,24.84,C36,3823.97,3799.13,C24,1326.36,1351.2,0,0
6,CASH_IN,48.53,C11,1456.12,1407.59,C22,3704.44,3752.97,0,0
6,PAYMENT,94.13,C1,1050.98,956.85,C11,1407.59,1501.72,0,0
7,PAYMENT,13.13,C1,956.85,943.71,C32,4431.54,4444.67,0,0
7,PAYMENT,76.31,C12,4621.79,4545.49,C34,2785.56,2861.87,0,0
7,PAYMENT,28.76,C15,3774.13,3745.37,C35,3042.89,3071.65,0,0
7,TRANSFER,86.25,C13,984.87,898.62,C49,1839.73,1925.98,0,0
7,TRANSFER,240.78,C4,2314.12,2073.34,C29,4042.62,4283.4,0,0
7,CASH_IN,373.26,C8,383.62,10.36,C19,831.77,1205.03,0,0
7,PAYMENT,68.38,C23,68.38,0.0,C39,2178.03,2246.41,0,0
7,DEBIT,21.69,C25,3191.04,3169.35,C14,4488.86,4510.54,0,0
7,TRANSFER,137.68,C48,2373.84,2236.16,C31,1144.94,1282.61,0,0
7,CASH_OUT,65.9,C40,65.9,0.0,C14,4510.54,4576.45,0,0
7,PAYMENT,602.42,C7,1157.89,555.47,C49,1925.98,2528.4,0,0
7,PAYMENT,167.02,C29,4283.4,4116.38,C40,0.0,167.02,0,0
7,PAYMENT,298.74,C15,3745.37,3446.63,C9,2224.91,2523.65,0,0
7,TRANSFER,252.05,C46,2468.62,2216.58,C6,439.64,691.68,0,0
7,CASH_OUT,191.72,C16,796.58,604.87,C44,3124.16,3315.88,0,0
7,PAYMENT,85.42,C12,4545.49,4460.07,C35,3071.65,3157.07,0,0
7,CASH_IN,68.73,C31,1282.61,1213.89,C43,1845.52,1914.25,0,0
7,CASH_IN,20.87,C15,3446.63,3425.76,C35,3157.07,3177.94,0,0
7,PAYMENT,66.54,C4,2073.34,2006.8,C22,3752.97,3819.51,0,0
7,DEBIT,159.89,C32,4444.67,4284.78,C44,3315.88,3475.78,0,0
8,CASH_IN,88.58,C32,4284.78,4196.2,C35,3177.94,3266.52,0,0
8,TRANSFER,250.0,C49,2528.4,2278.39,C29,4116.38,4366.38,0,0
8,PAYMENT,367.6,C10,2370.73,2003.13,C43,1914.25,2281.85,0,0
8,CASH_OUT,484.2,C48,2236.16,1751.96,C47,2954.42,3438.62,0,0
8,CASH_OUT,166.06,C7,555.47,389.41,C46,2216.58,2382.63,0,0
8,TRANSFER,117.15,C3,737.16,620.01,C26,5134.04,5251.18,0,0
8,CASH_IN,95.27,C46,2382.63,2287.36,C5,1393.67,1488.94,0,0
8,TRANSFER,98.67,C2,668.55,569.87,C15,3425.76,3524.43,0,0
8,CASH_IN,29.62,C33,4121.23,4091.61,C38,5047.26,5076.88,0,0
8,CASH_IN,178.3,C13,898.62,720.33,C15,3524.43,3702.73,0,0
8,DEBIT,97.79,C2,569.87,472.08,C15,3702.73,3800.52,0,0
8,TRANSFER,21.97,C11,1501.72,1479.75,C13,720.33,742.29,0,0
8,PAYMENT,40.75,C25,3169.35,3128.61,C1,943.71,984.46,0,0
8,CASH_OUT,380.0,C15,3800.52,3420.52,C17,4209.03,4589.03,0,0
8,CASH_OUT,47.91,C37,3789.27,3741.36,C5,1488.94,1536.85,0,0
8,CASH_IN,168.61,C17,4589.03,4420.41,C49,2278.39,2447.01,0,0
8,CASH_OUT,89.04,C27,1124.92,1035.88,C7,389.41,478.46,0,0
8,TRANSFER,157.42,C3,620.01,462.59,C14,4576.45,4733.87,0,0
8,CASH_IN,234.89,C16,604.87,369.98,C46,2287.36,2522.25,0,0
8,PAYMENT,131.04,C38,5076.88,4945.84,C27,1035.88,1166.91,0,0
9,CASH_IN,311.51,C41,5244.07,4932.55,C42,4962.17,5273.68,0,0
9,TRANSFER,70.85,C46,2522.25,2451.4,C38,4945.84,5016.69,0,0
9,CASH_IN,67.63,C27,1166.91,1099.28,C6,691.68,759.32,0,0
9,PAYMENT,78.96,C46,2451.4,2372.44,C1,984.46,1063.42,0,0
9,TRANSFER,17.99,C20,2654.14,2636.15,C18,3660.0,3677.99,0,0
9,PAYMENT,737.0,C13,742.29,5.29,C5,1536.85,2273.85,0,0
9,CASH_IN,32.19,C17,4420.41,4388.22,C23,0.0,32.19,0,0
9,TRANSFER,497.24,C14,4733.87,4236.63,C11,1479.75,1976.99,0,0
9,CASH_IN,106.26,C28,617.16,510.9,C4,2006.8,2113.06,0,0
9,CASH_OUT,5.29,C13,5.29,0.0,C16,369.98,375.27,0,0
9,CASH_OUT,143.27,C25,3128.61,2985.34,C8,10.36,153.63,0,0
9,PAYMENT,247.01,C3,462.59,215.58,C43,2281.85,2528.86,0,0
9,TRANSFER,142.08,C33,4091.61,3949.53,C40,167.02,309.11,0,0
9,PAYMENT,128.66,C27,1099.28,970.62,C33,3949.53,4078.19,0,0
9,PAYMENT,645.11,C34,2861.87,2216.75,C7,478.46,1123.57,0,0
9,TRANSFER,68.37,C13,0.0,0.0,C45,168.19,236.57,0,0
9,CASH_OUT,24.12,C25,2985.34,2961.21,C20,2636.15,2660.28,0,0
9,CASH_OUT,295.67,C43,2528.86,2233.19,C14,4236.63,4532.29,0,0
9,CASH_IN,377.5,C50,4897.04,4519.55,C27,970.62,1348.12,0,0
9,CASH_IN,160.13,C9,2523.65,2363.53,C29,4366.38,4526.51,0,0
10,CASH_IN,32.19,C23,32.19,0.0,C33,4078.19,4110.38,0,0
10,CASH_OUT,3247.12,C37,3741.36,494.24,C23,0.0,3247.12,1,0
10,TRANSFER,4834.45,C35,3266.52,0.0,C39,2246.41,7080.85,1,0
10,CASH_OUT,137.67,C6,759.32,621.64,C17,4388.22,4525.89,0,0
10,CASH_OUT,78.41,C5,2273.85,2195.44,C16,375.27,453.68,0,0
10,TRANSFER,6.06,C33,4110.38,4104.32,C46,2372.44,2378.5,0,0
10,DEBIT,427.33,C13,0.0,0.0,C35,0.0,427.33,0,0
10,TRANSFER,694.83,C13,0.0,0.0,C32,4196.2,4891.03,0,0
10,PAYMENT,96.79,C39,7080.85,6984.06,C4,2113.06,2209.85,0,0
10,TRANSFER,258.51,C48,1751.96,1493.45,C26,5251.18,5509.69,0,0
10,CASH_IN,58.43,C4,2209.85,2151.42,C38,5016.69,5075.12,0,0
10,TRANSFER,480.78,C17,4525.89,4045.11,C5,2195.44,2676.22,0,0
10,CASH_OUT,10.19,C9,2363.53,2353.34,C42,5273.68,5283.88,0,0
10,TRANSFER,6.96,C12,4460.07,4453.11,C24,1351.2,1358.16,0,0
10,DEBIT,19.83,C32,4891.03,4871.2,C21,3387.87,3407.7,0,0
10,CASH_OUT,160.06,C14,4532.29,4372.23,C37,494.24,654.3,0,0
10,PAYMENT,392.87,C43,2233.19,1840.32,C23,3247.12,3639.99,0,0
10,CASH_OUT,30.38,C11,1976.99,1946.61,C16,453.68,484.06,0,0
10,CASH_IN,102.93,C5,2676.22,2573.29,C46,2378.5,2481.43,0,0
10,PAYMENT,846.45,C19,1205.03,358.59,C13,0.0,846.45,0,0
11,TRANSFER,86.35,C4,2151.42,2065.07,C33,4104.32,4190.68,0,0
11,PAYMENT,236.57,C45,236.57,0.0,C14,4372.23,4608.8,0,0
11,CASH_OUT,208.59,C14,4608.8,4400.21,C3,215.58,424.17,0,0
11,PAYMENT,181.86,C23,3639.99,3458.13,C14,4400.21,4582.07,0,0
11,PAYMENT,194.09,C34,2216.75,2022.67,C5,2573.29,2767.38,0,0
11,PAYMENT,543.07,C33,4190.68,3647.61,C31,1213.89,1756.95,0,0
11,TRANSFER,358.59,C19,358.59,0.0,C23,3458.13,3816.71,0,0
11,PAYMENT,174.97,C30,3050.86,2875.88,C47,3438.62,3613.59,0,0
11,PAYMENT,334.01,C19,0.0,0.0,C27,1348.12,1682.13,0,0
11,CASH_IN,114.71,C5,2767.38,2652.67,C49,2447.01,2561.72,0,0
11,TRANSFER,141.36,C12,4453.11,4311.75,C22,3819.51,3960.86,0,0
11,CASH_IN,309.11,C40,309.11,0.0,C35,427.33,736.44,0,0
11,PAYMENT,289.05,C11,1946.61,1657.55,C41,4932.55,5221.61,0,0
11,CASH_IN,94.42,C50,4519.55,4425.13,C30,2875.88,2970.3,0,0
11,TRANSFER,65.24,C5,2652.67,2587.43,C34,2022.67,2087.9,0,0
11,PAYMENT,37.12,C27,1682.13,1645.01,C39,6984.06,7021.18,0,0
11,CASH_IN,80.02,C1,1063.42,983.4,C28,510.9,590.93,0,0
11,CASH_OUT,38.68,C45,0.0,0.0,C20,2660.28,2698.96,0,0
11,CASH_OUT,186.85,C41,5221.61,5034.76,C32,4871.2,5058.04,0,0
11,DEBIT,295.72,C31,1756.95,1461.23,C32,5058.04,5353.77,0,0
12,PAYMENT,481.98,C45,0.0,0.0,C34,2087.9,2569.88,0,0
12,PAYMENT,205.04,C48,1493.45,1288.41,C32,5353.77,5558.81,0,0
12,CASH_OUT,93.02,C2,472.08,379.06,C33,3647.61,3740.63,0,0
12,TRANSFER,7692.2,C36,3799.13,0.0,C10,2003.13,9695.33,1,0
12,PAYMENT,287.59,C5,2587.43,2299.84,C31,1461.23,1748.82,0,0
12,CASH_IN,312.78,C37,654.3,341.52,C15,3420.52,3733.3,0,0
12,PAYMENT,290.61,C12,4311.75,4021.15,C15,3733.3,4023.91,0,0
12,CASH_IN,76.85,C22,3960.86,3884.01,C23,3816.71,3893.56,0,0
12,CASH_IN,1078.24,C18,3677.99,2599.75,C27,1645.01,2723.25,0,0
12,CASH_IN,16.51,C45,0.0,0.0,C11,1657.55,1674.07,0,0
12,PAYMENT,93.58,C5,2299.84,2206.26,C2,379.06,472.64,0,0
12,CASH_OUT,83.31,C39,7021.18,6937.87,C4,2065.07,2148.38,0,0
12,CASH_IN,81.71,C24,1358.16,1276.45,C13,846.45,928.16,0,0
12,CASH_IN,557.78,C39,6937.87,6380.08,C41,5034.76,5592.54,0,0
12,PAYMENT,238.38,C5,2206.26,1967.88,C20,2698.96,2937.33,0,0
12,PAYMENT,326.64,C29,4526.51,4199.87,C15,4023.91,4350.55,0,0
12,DEBIT,53.28,C47,3613.59,3560.31,C26,5509.69,5562.97,0,0
12,CASH_IN,461.85,C18,2599.75,2137.9,C4,2148.38,2610.23,0,0
12,TRANSFER,4.15,C9,2353.34,2349.18,C8,153.63,157.78,0,0
12,PAYMENT,233.87,C9,2349.18,2115.31,C32,5558.81,5792.68,0,0
13,TRANSFER,147.93,C31,1748.82,1600.88,C29,4199.87,4347.8,0,0
13,CASH_OUT,378.31,C40,0.0,0.0,C12,4021.15,4399.45,0,0
13,CASH_OUT,81.2,C14,4582.07,4500.87,C41,5592.54,5673.74,0,0
13,CASH_IN,233.52,C17,4045.11,3811.59,C43,1840.32,2073.84,0,0
13,CASH_OUT,54.9,C43,2073.84,2018.94,C21,3407.7,3462.6,0,0
13,TRANSFER,674.62,C48,1288.41,613.79,C35,736.44,1411.06,0,0
13,PAYMENT,200.04,C7,1123.57,923.53,C37,341.52,541.57,0,0
13,PAYMENT,341.77,C29,4347.8,4006.03,C40,0.0,341.77,0,0
13,CASH_OUT,134.36,C38,5075.12,4940.76,C23,3893.56,4027.92,0,0
13,CASH_IN,87.64,C24,1276.45,1188.81,C46,2481.43,2569.07,0,0
13,CASH_OUT,125.76,C15,4350.55,4224.79,C19,0.0,125.76,0,0
13,PAYMENT,240.01,C1,983.4,743.39,C18,2137.9,2377.9,0,0
13,CASH_OUT,258.27,C14,4500.87,4242.59,C15,4224.79,4483.06,0,0
13,CASH_OUT,92.4,C21,3462.6,3370.19,C37,541.57,633.97,0,0
13,TRANSFER,72.63,C32,5792.68,5720.05,C18,2377.9,2450.54,0,0
13,CASH_IN,265.47,C41,5673.74,5408.28,C4,2610.23,2875.7,0,0
13,CASH_IN,307.07,C43,2018.94,1711.88,C38,4940.76,5247.83,0,0
13,PAYMENT,5.75,C15,4483.06,4477.31,C23,4027.92,4033.67,0,0
13,CASH_OUT,54.0,C10,9695.33,9641.33,C12,4399.45,4453.45,0,0
13,TRANSFER,162.51,C20,2937.33,2774.83,C34,2569.88,2732.39,0,0
14,TRANSFER,176.81,C31,1600.88,1424.07,C25,2961.21,3138.02,0,0
14,CASH_OUT,48.42,C20,2774.83,2726.41,C5,1967.88,2016.3,0,0
14,CASH_IN,124.93,C3,424.17,299.25,C44,3475.78,3600.7,0,0
14,CASH_IN,60.43,C42,5283.88,5223.44,C33,3740.63,3801.06,0,0
14,CASH_OUT,10.28,C1,743.39,733.11,C38,5247.83,5258.11,0,0
14,TRANSFER,271.65,C45,0.0,0.0,C43,1711.88,1983.53,0,0
14,TRANSFER,128.03,C28,590.93,462.89,C33,3801.06,3929.1,0,0
14,CASH_IN,39.08,C50,4425.13,4386.05,C16,484.06,523.14,0,0
14,CASH_OUT,552.89,C9,2115.31,1562.42,C14,4242.59,4795.48,0,0
14,CASH_OUT,235.54,C21,3370.19,3134.65,C19,125.76,361.3,0,0
14,TRANSFER,56.49,C48,613.79,557.3,C39,6380.08,6436.58,0,0
14,CASH_OUT,109.85,C48,557.3,447.45,C22,3884.01,3993.86,0,0
14,CASH_IN,184.73,C49,2561.72,2376.99,C37,633.97,818.7,0,0
14,TRANSFER,7772.8,C33,3929.1,0.0,C39,6436.58,14209.38,1,0
14,PAYMENT,302.94,C28,462.89,159.96,C11,1674.07,1977.0,0,0
14,CASH_IN,60.49,C26,5562.97,5502.49,C50,4386.05,4446.53,0,0
14,PAYMENT,100.6,C17,3811.59,3710.99,C39,14209.38,14309.98,0,0
14,CASH_OUT,299.25,C3,299.25,0.0,C23,4033.67,4332.92,0,0
14,TRANSFER,34.0,C16,523.14,489.15,C45,0.0,34.0,0,0
14,PAYMENT,137.46,C40,341.77,204.31,C7,923.53,1060.99,0,0
15,CASH_IN,53.1,C7,1060.99,1007.89,C2,472.64,525.74,0,0
15,PAYMENT,300.58,C10,9641.33,9340.75,C14,4795.48,5096.06,0,0
15,TRANSFER,3.87,C25,3138.02,3134.15,C5,2016.3,2020.17,0,0
15,CASH_OUT,168.19,C35,1411.06,1242.87,C22,3993.86,4162.05,0,0
15,CASH_OUT,66.05,C30,2970.3,2904.25,C22,4162.05,4228.1,0,0
15,TRANSFER,332.63,C34,2732.39,2399.77,C48,447.45,780.08,0,0
15,PAYMENT,117.63,C23,4332.92,4215.29,C16,489.15,606.78,0,0
15,CASH_OUT,18.39,C27,2723.25,2704.86,C7,1007.89,1026.28,0,0
15,CASH_IN,104.65,C47,3560.31,3455.66,C32,5720.05,5824.7,0,0
15,PAYMENT,357.64,C42,5223.44,4865.8,C4,2875.7,3233.34,0,0
15,CASH_OUT,150.65,C4,3233.34,3082.69,C26,5502.49,5653.14,0,0
15,PAYMENT,207.35,C36,0.0,0.0,C35,1242.87,1450.22,0,0
15,PAYMENT,16.24,C43,1983.53,1967.29,C33,0.0,16.24,0,0
15,CASH_OUT,33.3,C13,928.16,894.85,C31,1424.07,1457.38,0,0
15,CASH_OUT,553.32,C20,2726.41,2173.08,C7,1026.28,1579.6,0,0
15,TRANSFER,357.84,C20,2173.08,1815.25,C4,3082.69,3440.53,0,0
15,PAYMENT,91.15,C6,621.64,530.5,C13,894.85,986.0,0,0
15,PAYMENT,3.94,C22,4228.1,4224.16,C24,1188.81,1192.75,0,0
15,PAYMENT,289.86,C1,733.11,443.26,C10,9340.75,9630.61,0,0
15,CASH_IN,16.24,C33,16.24,0.0,C38,5258.11,5274.35,0,0
16,PAYMENT,144.4,C18,2450.54,2306.14,C48,780.08,924.48,0,0
16,PAYMENT,162.88,C10,9630.61,9467.72,C22,4224.16,4387.05,0,0
16,PAYMENT,236.17,C34,2399.77,2163.6,C32,5824.7,6060.87,0,0
16,CASH_OUT,257.99,C22,4387.05,4129.06,C24,1192.75,1450.74,0,0
16,CASH_IN,72.03,C40,204.31,132.28,C43,1967.29,2039.31,0,0
16,CASH_IN,192.2,C31,1457.38,1265.17,C5,2020.17,2212.37,0,0
16,CASH_IN,118.53,C12,4453.45,4334.92,C35,1450.22,1568.75,0,0
16,TRANSFER,399.36,C4,3440.53,3041.17,C6,530.5,929.86,0,0
16,CASH_IN,16.74,C14,5096.06,5079.32,C17,3710.99,3727.73,0,0
16,CASH_OUT,322.65,C42,4865.8,4543.15,C48,924.48,1247.13,0,0
16,CASH_IN,8.17,C39,14309.98,14301.81,C15,4477.31,4485.49,0,0
16,CASH_OUT,37.03,C34,2163.6,2126.57,C2,525.74,562.77,0,0
16,CASH_IN,191.2,C3,0.0,0.0,C7,1579.6,1770.8,0,0
16,PAYMENT,173.34,C14,5079.32,4905.98,C33,0.0,173.34,0,0
16,CASH_IN,37.18,C6,929.86,892.68,C42,4543.15,4580.33,0,0
16,CASH_OUT,166.99,C49,2376.99,2210.0,C24,1450.74,1617.73,0,0
16,PAYMENT,54.46,C26,5653.14,5598.67,C39,14301.81,14356.27,0,0
16,CASH_IN,75.27,C20,1815.25,1739.97,C26,5598.67,5673.95,0,0
16,PAYMENT,127.36,C43,2039.31,1911.95,C49,2210.0,2337.37,0,0
16,CASH_IN,322.16,C49,2337.37,2015.21,C19,361.3,683.46,0,0
17,CASH_OUT,105.82,C20,1739.97,1634.15,C16,606.78,712.6,0,0
17,CASH_IN,66.38,C38,5274.35,5207.97,C9,1562.42,1628.81,0,0
17,TRANSFER,137.29,C47,3455.66,3318.37,C19,683.46,820.75,0,0
17,CASH_IN,49.65,C42,4580.33,4530.68,C8,157.78,207.43,0,0
17,CASH_OUT,536.85,C47,3318.37,2781.52,C10,9467.72,10004.57,0,0
17,PAYMENT,5.13,C2,562.77,557.64,C23,4215.29,4220.42,0,0
17,CASH_OUT,133.28,C21,3134.65,3001.36,C30,2904.25,3037.53,0,0
17,CASH_IN,34.0,C45,34.0,0.0,C24,1617.73,1651.73,0,0
17,CASH_OUT,44.65,C18,2306.14,2261.49,C16,712.6,757.25,0,0
17,CASH_OUT,263.49,C32,6060.87,5797.38,C5,2212.37,2475.87,0,0
17,CASH_IN,801.04,C5,2475.87,1674.83,C46,2569.07,3370.11,0,0
17,CASH_OUT,604.0,C44,3600.7,2996.7,C22,4129.06,4733.07,0,0
17,CASH_IN,64.04,C41,5408.28,5344.24,C37,818.7,882.73,0,0
17,CASH_IN,71.26,C19,820.75,749.48,C30,3037.53,3108.8,0,0
17,CASH_OUT,149.72,C26,5673.95,5524.22,C13,986.0,1135.72,0,0
17,TRANSFER,376.95,C44,2996.7,2619.75,C33,173.34,550.29,0,0
17,PAYMENT,12.43,C4,3041.17,3028.75,C3,0.0,12.43,0,0
17,PAYMENT,330.86,C33,550.29,219.43,C3,12.43,343.29,0,0
17,PAYMENT,301.03,C42,4530.68,4229.65,C14,4905.98,5207.01,0,0
17,DEBIT,457.05,C39,14356.27,13899.22,C37,882.73,1339.79,0,0
18,CASH_IN,25.18,C18,2261.49,2236.31,C2,557.64,582.82,0,0
18,PAYMENT,42.78,C13,1135.72,1092.94,C12,4334.92,4377.7,0,0
18,CASH_IN,59.54,C1,443.26,383.71,C39,13899.22,13958.76,0,0
18,CASH_IN,74.81,C43,1911.95,1837.14,C12,4377.7,4452.52,0,0
18,TRANSFER,418.81,C31,1265.17,846.36,C33,219.43,638.24,0,0
18,PAYMENT,48.23,C43,1837.14,1788.91,C22,4733.07,4781.29,0,0
18,PAYMENT,23.86,C42,4229.65,4205.79,C27,2704.86,2728.72,0,0
18,CASH_OUT,20.22,C1,383.71,363.49,C34,2126.57,2146.79,0,0
18,CASH_IN,67.41,C31,846.36,778.95,C11,1977.0,2044.41,0,0
18,DEBIT,37.25,C14,5207.01,5169.76,C43,1788.91,1826.15,0,0
18,CASH_OUT,65.22,C4,3028.75,2963.53,C20,1634.15,1699.37,0,0
18,DEBIT,303.52,C15,4485.49,4181.96,C21,3001.36,3304.89,0,0
18,PAYMENT,86.35,C14,5169.76,5083.41,C42,4205.79,4292.14,0,0
18,PAYMENT,133.53,C47,2781.52,2647.99,C11,2044.41,2177.94,0,0
18,PAYMENT,29.83,C10,10004.57,9974.74,C27,2728.72,2758.56,0,0
18,TRANSFER,7.74,C46,3370.11,3362.37,C9,1628.81,1636.55,0,0
18,CASH_IN,106.38,C10,9974.74,9868.36,C32,5797.38,5903.75,0,0
18,CASH_OUT,64.36,C38,5207.97,5143.61,C18,2236.31,2300.67,0,0
18,PAYMENT,94.84,C12,4452.52,4357.67,C39,13958.76,14053.6,0,0
18,DEBIT,347.19,C17,3727.73,3380.54,C13,1092.94,1440.13,0,0
19,CASH_OUT,1.93,C29,4006.03,4004.09,C47,2647.99,2649.93,0,0
19,PAYMENT,81.25,C42,4292.14,4210.9,C12,4357.67,4438.92,0,0
19,CASH_OUT,196.74,C13,1440.13,1243.39,C19,749.48,946.22,0,0
19,CASH_OUT,269.98,C5,1674.83,1404.85,C17,3380.54,3650.52,0,0
19,CASH_IN,157.5,C14,5083.41,4925.92,C19,946.22,1103.72,0,0
19,CASH_IN,139.35,C43,1826.15,1686.8,C19,1103.72,1243.07,0,0
19,PAYMENT,77.16,C47,2649.93,2572.77,C49,2015.21,2092.37,0,0
19,CASH_IN,378.91,C23,4220.42,3841.51,C33,638.24,1017.16,0,0
19,CASH_OUT,487.94,C22,4781.29,4293.35,C20,1699.37,2187.31,0,0
19,TRANSFER,214.31,C11,2177.94,1963.63,C41,5344.24,5558.55,0,0
19,PAYMENT,390.68,C15,4181.96,3791.29,C42,4210.9,4601.57,0,0
19,PAYMENT,160.57,C49,2092.37,1931.8,C9,1636.55,1797.12,0,0
19,CASH_OUT,407.95,C13,1243.39,835.43,C4,2963.53,3371.48,0,0
19,PAYMENT,132.28,C40,132.28,0.0,C24,1651.73,1784.01,0,0
19,PAYMENT,458.88,C10,9868.36,9409.48,C38,5143.61,5602.49,0,0
19,CASH_IN,86.82,C20,2187.31,2100.49,C13,835.43,922.26,0,0
19,CASH_IN,3.83,C1,363.49,359.66,C26,5524.22,5528.06,0,0
19,PAYMENT,309.51,C30,3108.8,2799.29,C27,2758.56,3068.06,0,0
19,TRANSFER,153.16,C13,922.26,769.09,C31,778.95,932.11,0,0
19,PAYMENT,8.09,C35,1568.75,1560.66,C25,3134.15,3142.24,0,0
20,PAYMENT,470.87,C43,1686.8,1215.94,C13,769.09,1239.96,0,0
20,CASH_IN,103.74,C44,2619.75,2516.01,C11,1963.63,2067.37,0,0
20,CASH_IN,104.15,C20,2100.49,1996.35,C13,1239.96,1344.11,0,0
20,DEBIT,719.5,C36,0.0,0.0,C16,757.25,1476.75,0,0
20,DEBIT,212.5,C39,14053.6,13841.11,C31,932.11,1144.61,0,0
20,TRANSFER,263.26,C29,4004.09,3740.83,C28,159.96,423.22,0,0
20,CASH_IN,93.29,C14,4925.92,4832.63,C6,892.68,985.97,0,0
20,CASH_IN,17.66,C27,3068.06,3050.4,C14,4832.63,4850.29,0,0
20,DEBIT,197.29,C49,1931.8,1734.51,C2,582.82,780.11,0,0
20,CASH_OUT,134.99,C37,1339.79,1204.79,C47,2572.77,2707.76,0,0
20,CASH_OUT,14.49,C18,2300.67,2286.18,C37,1204.79,1219.28,0,0
20,CASH_OUT,452.01,C37,1219.28,767.27,C5,1404.85,1856.86,0,0
20,CASH_IN,286.11,C2,780.11,494.0,C45,0.0,286.11,0,0
20,DEBIT,511.54,C21,3304.89,2793.34,C24,1784.01,2295.55,0,0
20,PAYMENT,92.42,C41,5558.55,5466.13,C47,2707.76,2800.18,0,0
20,CASH_IN,294.32,C33,1017.16,722.83,C1,359.66,653.98,0,0
20,CASH_IN,220.22,C28,423.22,203.0,C19,1243.07,1463.29,0,0
20,PAYMENT,79.92,C7,1770.8,1690.88,C47,2800.18,2880.1,0,0
20,TRANSFER,24.78,C7,1690.88,1666.1,C33,722.83,747.62,0,0
20,PAYMENT,139.19,C22,4293.35,4154.16,C29,3740.83,3880.02,0,0
21,PAYMENT,286.11,C45,286.11,0.0,C5,1856.86,2142.97,0,0
21,PAYMENT,498.14,C29,3880.02,3381.88,C17,3650.52,4148.66,0,0
21,CASH_OUT,578.95,C23,3841.51,3262.56,C11,2067.37,2646.32,0,0
21,CASH_OUT,280.86,C9,1797.12,1516.26,C34,2146.79,2427.65,0,0
21,CASH_OUT,271.03,C34,2427.65,2156.62,C50,4446.53,4717.56,0,0
21,CASH_IN,60.18,C12,4438.92,4378.74,C47,2880.1,2940.28,0,0
21,CASH_IN,102.92,C41,5466.13,5363.21,C31,1144.61,1247.53,0,0
21,CASH_IN,440.24,C40,0.0,0.0,C44,2516.01,2956.25,0,0
21,CASH_OUT,61.42,C2,494.0,432.58,C41,5363.21,5424.63,0,0
21,PAYMENT,42.21,C7,1666.1,1623.88,C45,0.0,42.21,0,0
21,CASH_OUT,42.24,C39,13841.11,13798.86,C31,1247.53,1289.77,0,0
21,CASH_IN,95.54,C39,13798.86,13703.32,C44,2956.25,3051.79,0,0
21,CASH_IN,20.0,C47,2940.28,2920.28,C24,2295.55,2315.55,0,0
21,TRANSFER,42.21,C45,42.21,0.0,C17,4148.66,4190.87,0,0
21,CASH_IN,30.32,C9,1516.26,1485.95,C48,1247.13,1277.44,0,0
21,CASH_OUT,107.23,C31,1289.77,1182.54,C29,3381.88,3489.11,0,0
21,PAYMENT,56.33,C6,985.97,929.63,C35,1560.66,1616.99,0,0
21,CASH_OUT,389.82,C19,1463.29,1073.47,C14,4850.29,5240.11,0,0
21,PAYMENT,20.4,C24,2315.55,2295.14,C23,3262.56,3282.96,0,0
21,TRANSFER,452.22,C4,3371.48,2919.26,C18,2286.18,2738.39,0,0
22,CASH_IN,6.9,C42,4601.57,4594.67,C36,0.0,6.9,0,0
22,CASH_IN,267.55,C24,2295.14,2027.59,C1,653.98,921.53,0,0
22,TRANSFER,2.68,C15,3791.29,3788.61,C21,2793.34,2796.02,0,0
22,CASH_OUT,56.23,C44,3051.79,2995.56,C50,4717.56,4773.79,0,0
22,CASH_OUT,197.84,C48,1277.44,1079.6,C47,2920.28,3118.12,0,0
22,CASH_IN,361.21,C18,2738.39,2377.19,C4,2919.26,3280.47,0,0
22,CASH_OUT,21.4,C7,1623.88,1602.49,C5,2142.97,2164.37,0,0
22,PAYMENT,120.77,C18,2377.19,2256.41,C41,5424.63,5545.41,0,0
22,CASH_OUT,33.44,C20,1996.35,1962.9,C1,921.53,954.98,0,0
22,DEBIT,158.75,C25,3142.24,2983.49,C9,1485.95,1644.7,0,0
22,CASH_IN,94.8,C45,0.0,0.0,C18,2256.41,2351.22,0,0
22,TRANSFER,24.86,C27,3050.4,3025.54,C23,3282.96,3307.83,0,0
22,PAYMENT,138.74,C24,2027.59,1888.85,C43,1215.94,1354.67,0,0
22,CASH_IN,116.32,C21,2796.02,2679.7,C36,6.9,123.22,0,0
22,CASH_IN,72.06,C23,3307.83,3235.77,C33,747.62,819.68,0,0
22,CASH_OUT,117.8,C45,0.0,0.0,C5,2164.37,2282.16,0,0
22,DEBIT,170.64,C24,1888.85,1718.22,C42,4594.67,4765.31,0,0
22,CASH_IN,264.71,C35,1616.99,1352.28,C47,3118.12,3382.83,0,0
22,PAYMENT,232.12,C44,2995.56,2763.43,C17,4190.87,4422.99,0,0
22,CASH_OUT,416.96,C2,432.58,15.62,C39,13703.32,14120.28,0,0
23,PAYMENT,177.72,C16,1476.75,1299.03,C12,4378.74,4556.46,0,0
23,PAYMENT,52.95,C31,1182.54,1129.59,C43,1354.67,1407.62,0,0
23,PAYMENT,37.53,C45,0.0,0.0,C35,1352.28,1389.82,0,0
23,PAYMENT,71.38,C1,954.98,883.59,C22,4154.16,4225.54,0,0
23,PAYMENT,44.16,C3,343.29,299.13,C15,3788.61,3832.77,0,0
23,CASH_IN,26.18,C41,5545.41,5519.23,C17,4422.99,4449.17,0,0
23,PAYMENT,15.62,C2,15.62,0.0,C48,1079.6,1095.22,0,0
23,PAYMENT,151.15,C14,5240.11,5088.96,C8,207.43,358.59,0,0
23,PAYMENT,62.11,C21,2679.7,2617.6,C30,2799.29,2861.4,0,0
23,CASH_IN,247.34,C30,2861.4,2614.06,C42,4765.31,5012.65,0,0
23,CASH_OUT,517.15,C11,2646.32,2129.17,C20,1962.9,2480.05,0,0
23,CASH_IN,170.99,C17,4449.17,4278.18,C16,1299.03,1470.01,0,0
23,CASH_IN,115.86,C13,1344.11,1228.25,C12,4556.46,4672.32,0,0
23,PAYMENT,118.31,C48,1095.22,976.91,C44,2763.43,2881.75,0,0
23,PAYMENT,524.75,C17,4278.18,3753.43,C11,2129.17,2653.92,0,0
23,CASH_OUT,14.34,C7,1602.49,1588.14,C10,9409.48,9423.82,0,0
23,CASH_OUT,120.26,C11,2653.92,2533.66,C9,1644.7,1764.96,0,0
23,CASH_IN,77.18,C12,4672.32,4595.13,C27,3025.54,3102.72,0,0
23,CASH_OUT,92.48,C32,5903.75,5811.27,C1,883.59,976.08,0,0
23,CASH_IN,4.21,C19,1073.47,1069.26,C20,2480.05,2484.26,0,0
24,PAYMENT,376.47,C10,9423.82,9047.35,C30,2614.06,2990.53,0,0
24,TRANSFER,456.22,C46,3362.37,2906.15,C12,4595.13,5051.36,0,0
24,DEBIT,37.29,C50,4773.79,4736.5,C35,1389.82,1427.11,0,0
24,PAYMENT,247.77,C9,1764.96,1517.19,C3,299.13,546.9,0,0
24,CASH_IN,30.32,C45,0.0,0.0,C32,5811.27,5841.59,0,0
24,CASH_IN,362.47,C47,3382.83,3020.37,C33,819.68,1182.14,0,0
24,CASH_OUT,32.85,C11,2533.66,2500.82,C30,2990.53,3023.37,0,0
24,PAYMENT,98.92,C9,1517.19,1418.28,C22,4225.54,4324.46,0,0
24,PAYMENT,130.74,C23,3235.77,3105.03,C20,2484.26,2615.0,0,0
24,CASH_OUT,22.56,C8,358.59,336.03,C15,3832.77,3855.33,0,0
24,CASH_IN,565.24,C5,2282.16,1716.92,C36,123.22,688.46,0,0
24,CASH_OUT,104.03,C49,1734.51,1630.47,C19,1069.26,1173.29,0,0
24,CASH_OUT,98.35,C20,2615.0,2516.65,C8,336.03,434.38,0,0
24,CASH_IN,332.18,C40,0.0,0.0,C26,5528.06,5860.24,0,0
24,CASH_OUT,16.34,C28,203.0,186.66,C22,4324.46,4340.8,0,0
24,CASH_IN,182.49,C1,976.08,793.59,C47,3020.37,3202.85,0,0
24,TRANSFER,406.09,C47,3202.85,2796.76,C9,1418.28,1824.37,0,0
24,CASH_OUT,609.02,C44,2881.75,2272.73,C41,5519.23,6128.25,0,0
24,CASH_OUT,61.21,C13,1228.25,1167.04,C30,3023.37,3084.58,0,0
24,DEBIT,26.87,C16,1470.01,1443.14,C28,186.66,213.53,0,0
25,CASH_OUT,82.72,C5,1716.92,1634.2,C49,1630.47,1713.2,0,0
25,CASH_IN,85.64,C2,0.0,0.0,C1,793.59,879.23,0,0
25,PAYMENT,51.08,C32,5841.59,5790.51,C31,1129.59,1180.67,0,0
25,CASH_OUT,55.44,C10,9047.35,8991.91,C22,4340.8,4396.23,0,0
25,CASH_OUT,78.82,C32,5790.51,5711.7,C22,4396.23,4475.05,0,0
25,PAYMENT,28.31,C43,1407.62,1379.31,C21,2617.6,2645.91,0,0
25,CASH_IN,7.08,C14,5088.96,5081.88,C34,2156.62,2163.7,0,0
25,CASH_OUT,67.24,C13,1167.04,1099.81,C10,8991.91,9059.15,0,0
25,PAYMENT,67.37,C35,1427.11,1359.74,C32,5711.7,5779.07,0,0
25,CASH_OUT,394.09,C17,3753.43,3359.34,C35,1359.74,1753.83,0,0
25,TRANSFER,466.33,C50,4736.5,4270.17,C6,929.63,1395.96,0,0
25,PAYMENT,43.37,C44,2272.73,2229.37,C12,5051.36,5094.72,0,0
25,CASH_OUT,169.44,C13,1099.81,930.36,C26,5860.24,6029.68,0,0
25,CASH_IN,7.87,C3,546.9,539.03,C31,1180.67,1188.54,0,0
25,PAYMENT,153.88,C26,6029.68,5875.8,C48,976.91,1130.79,0,0
25,CASH_OUT,183.94,C25,2983.49,2799.55,C11,2500.82,2684.76,0,0
25,CASH_IN,13.92,C36,688.46,674.54,C46,2906.15,2920.07,0,0
25,PAYMENT,179.62,C18,2351.22,2171.6,C28,213.53,393.15,0,0
25,CASH_IN,5.66,C9,1824.37,1818.71,C41,6128.25,6133.9,0,0
25,CASH_IN,158.29,C21,2645.91,2487.62,C15,3855.33,4013.62,0,0
26,TRANSFER,39.09,C48,1130.79,1091.7,C1,879.23,918.32,0,0
26,TRANSFER,60.73,C16,1443.14,1382.41,C19,1173.29,1234.02,0,0
26,TRANSFER,712.52,C19,1234.02,521.51,C8,434.38,1146.9,0,0
26,TRANSFER,287.55,C24,1718.22,1430.66,C23,3105.03,3392.58,0,0
26,CASH_IN,201.01,C9,1818.71,1617.7,C23,3392.58,3593.59,0,0
26,PAYMENT,145.4,C18,2171.6,2026.2,C1,918.32,1063.72,0,0
26,TRANSFER,38.55,C20,2516.65,2478.1,C50,4270.17,4308.72,0,0
26,CASH_OUT,116.42,C32,5779.07,5662.65,C2,0.0,116.42,0,0
26,TRANSFER,223.8,C46,2920.07,2696.27,C50,4308.72,4532.52,0,0
26,CASH_OUT,287.26,C16,1382.41,1095.15,C19,521.51,808.77,0,0
26,PAYMENT,40.44,C1,1063.72,1023.28,C16,1095.15,1135.59,0,0
26,CASH_OUT,78.8,C29,3489.11,3410.31,C32,5662.65,5741.45,0,0
26,PAYMENT,162.57,C46,2696.27,2533.69,C2,116.42,278.99,0,0
26,CASH_OUT,7.52,C6,1395.96,1388.44,C43,1379.31,1386.83,0,0
26,CASH_IN,11.8,C48,1091.7,1079.9,C29,3410.31,3422.11,0,0
26,TRANSFER,39.74,C28,393.15,353.41,C50,4532.52,4572.26,0,0
26,CASH_OUT,286.89,C6,1388.44,1101.55,C12,5094.72,5381.62,0,0
26,CASH_IN,20.27,C28,353.41,333.15,C15,4013.62,4033.88,0,0
26,TRANSFER,249.5,C23,3593.59,3344.09,C15,4033.88,4283.38,0,0
26,CASH_OUT,447.02,C31,1188.54,741.52,C8,1146.9,1593.92,0,0
27,CASH_OUT,29.74,C27,3102.72,3072.98,C7,1588.14,1617.88,0,0
27,CASH_IN,48.94,C2,278.99,230.05,C34,2163.7,2212.64,0,0
27,PAYMENT,25.99,C12,5381.62,5355.62,C3,539.03,565.02,0,0
27,CASH_IN,414.52,C18,2026.2,1611.68,C33,1182.14,1596.66,0,0
27,DEBIT,292.37,C45,0.0,0.0,C29,3422.11,3714.49,0,0
27,PAYMENT,24.73,C17,3359.34,3334.61,C43,1386.83,1411.57,0,0
27,CASH_IN,521.98,C7,1617.88,1095.9,C47,2796.76,3318.74,0,0
27,PAYMENT,113.73,C16,1135.59,1021.86,C8,1593.92,1707.64,0,0
27,CASH_IN,150.98,C27,3072.98,2922.0,C29,3714.49,3865.47,0,0
27,CASH_OUT,247.16,C38,5602.49,5355.34,C27,2922.0,3169.16,0,0
27,CASH_IN,230.36,C6,1101.55,871.18,C10,9059.15,9289.51,0,0
27,PAYMENT,202.92,C5,1634.2,1431.28,C20,2478.1,2681.02,0,0
27,CASH_OUT,91.66,C47,3318.74,3227.08,C29,3865.47,3957.12,0,0
27,CASH_OUT,72.47,C12,5355.62,5283.15,C1,1023.28,1095.75,0,0
27,CASH_IN,14.27,C24,1430.66,1416.39,C36,674.54,688.81,0,0
27,PAYMENT,20.62,C7,1095.9,1075.28,C30,3084.58,3105.2,0,0
27,PAYMENT,210.59,C44,2229.37,2018.78,C15,4283.38,4493.97,0,0
27,PAYMENT,85.3,C27,3169.16,3083.86,C34,2212.64,2297.94,0,0
27,CASH_IN,196.08,C31,741.52,545.45,C50,4572.26,4768.33,0,0
27,CASH_IN,1.81,C15,4493.97,4492.16,C45,0.0,1.81,0,0
28,PAYMENT,45.93,C46,2533.69,2487.76,C17,3334.61,3380.54,0,0
28,TRANSFER,191.87,C38,5355.34,5163.47,C50,4768.33,4960.2,0,0
28,PAYMENT,88.05,C41,6133.9,6045.85,C14,5081.88,5169.93,0,0
28,CASH_IN,1.81,C45,1.81,0.0,C38,5163.47,5165.28,0,0
28,PAYMENT,148.93,C33,1596.66,1447.74,C17,3380.54,3529.46,0,0
28,CASH_OUT,106.74,C46,2487.76,2381.02,C44,2018.78,2125.52,0,0
28,TRANSFER,273.43,C33,1447.74,1174.3,C31,545.45,818.88,0,0
28,CASH_OUT,157.93,C33,1174.3,1016.37,C46,2381.02,2538.95,0,0
28,PAYMENT,169.18,C10,9289.51,9120.34,C44,2125.52,2294.7,0,0
28,CASH_OUT,24.6,C20,2681.02,2656.42,C25,2799.55,2824.15,0,0
28,TRANSFER,78.28,C40,0.0,0.0,C48,1079.9,1158.17,0,0
28,CASH_OUT,8.57,C43,1411.57,1402.99,C17,3529.46,3538.04,0,0
28,CASH_OUT,230.05,C2,230.05,0.0,C48,1158.17,1388.22,0,0
28,PAYMENT,516.46,C45,0.0,0.0,C50,4960.2,5476.67,0,0
28,PAYMENT,113.09,C35,1753.83,1640.74,C13,930.36,1043.46,0,0
28,CASH_IN,120.87,C31,818.88,698.01,C16,1021.86,1142.73,0,0
28,TRANSFER,339.4,C1,1095.75,756.35,C10,9120.34,9459.74,0,0
28,PAYMENT,27.34,C12,5283.15,5255.81,C24,1416.39,1443.73,0,0
28,PAYMENT,33.95,C49,1713.2,1679.24,C40,0.0,33.95,0,0
28,CASH_OUT,150.03,C19,808.77,658.74,C37,767.27,917.3,0,0
29,CASH_IN,100.9,C12,5255.81,5154.91,C34,2297.94,2398.84,0,0
29,CASH_OUT,361.41,C11,2684.76,2323.35,C20,2656.42,3017.83,0,0
29,CASH_OUT,74.92,C42,5012.65,4937.73,C35,1640.74,1715.66,0,0
29,CASH_OUT,40.34,C23,3344.09,3303.76,C45,0.0,40.34,0,0
29,TRANSFER,191.4,C20,3017.83,2826.43,C27,3083.86,3275.26,0,0
29,CASH_IN,346.04,C22,4475.05,4129.01,C38,5165.28,5511.32,0,0
29,PAYMENT,150.35,C38,5511.32,5360.98,C21,2487.62,2637.97,0,0
29,CASH_IN,85.56,C10,9459.74,9374.18,C23,3303.76,3389.31,0,0
29,PAYMENT,155.96,C39,14120.28,13964.32,C8,1707.64,1863.6,0,0
29,PAYMENT,125.05,C49,1679.24,1554.19,C5,1431.28,1556.33,0,0
29,CASH_OUT,260.46,C22,4129.01,3868.54,C35,1715.66,1976.12,0,0
29,CASH_IN,40.34,C45,40.34,0.0,C46,2538.95,2579.29,0,0
29,CASH_IN,27.47,C37,917.3,889.82,C42,4937.73,4965.2,0,0
29,TRANSFER,120.36,C11,2323.35,2202.99,C3,565.02,685.38,0,0
29,CASH_OUT,0.11,C32,5741.45,5741.34,C34,2398.84,2398.95,0,0
29,CASH_OUT,94.31,C45,0.0,0.0,C15,4492.16,4586.48,0,0
29,CASH_OUT,17.64,C35,1976.12,1958.48,C11,2202.99,2220.62,0,0
29,CASH_IN,33.95,C40,33.95,0.0,C26,5875.8,5909.75,0,0
29,TRANSFER,50.99,C4,3280.47,3229.48,C8,1863.6,1914.6,0,0
29,TRANSFER,132.92,C39,13964.32,13831.4,C49,1554.19,1687.11,0,0
30,DEBIT,71.18,C11,2220.62,2149.45,C12,5154.91,5226.08,0,0
30,CASH_IN,296.81,C33,1016.37,719.56,C24,1443.73,1740.54,0,0
30,CASH_IN,61.71,C36,688.81,627.1,C38,5360.98,5422.69,0,0
30,TRANSFER,244.48,C28,333.15,88.67,C20,2826.43,3070.91,0,0
30,CASH_IN,106.04,C18,1611.68,1505.64,C26,5909.75,6015.79,0,0
30,PAYMENT,180.79,C42,4965.2,4784.41,C17,3538.04,3718.83,0,0
30,PAYMENT,46.24,C31,698.01,651.77,C38,5422.69,5468.93,0,0
30,TRANSFER,122.89,C12,5226.08,5103.2,C27,3275.26,3398.15,0,0
30,CASH_OUT,514.87,C48,1388.22,873.35,C17,3718.83,4233.7,0,0
30,PAYMENT,6.87,C28,88.67,81.8,C27,3398.15,3405.02,0,0
30,PAYMENT,190.64,C3,685.38,494.74,C5,1556.33,1746.96,0,0
30,CASH_OUT,11.77,C17,4233.7,4221.94,C3,494.74,506.51,0,0
30,CASH_IN,276.73,C42,4784.41,4507.67,C15,4586.48,4863.21,0,0
30,PAYMENT,219.74,C20,3070.91,2851.17,C49,1687.11,1906.85,0,0
30,PAYMENT,133.83,C16,1142.73,1008.9,C35,1958.48,2092.31,0,0
30,TRANSFER,19.34,C27,3405.02,3385.68,C4,3229.48,3248.81,0,0
30,DEBIT,171.36,C11,2149.45,1978.08,C30,3105.2,3276.56,0,0
30,DEBIT,908.61,C41,6045.85,5137.24,C8,1914.6,2823.21,0,0
30,PAYMENT,281.13,C20,2851.17,2570.04,C24,1740.54,2021.67,0,0
30,CASH_OUT,37.28,C23,3389.31,3352.03,C47,3227.08,3264.36,0,0
31,TRANSFER,34.94,C44,2294.7,2259.75,C22,3868.54,3903.49,0,0
31,PAYMENT,366.84,C20,2570.04,2203.2,C26,6015.79,6382.64,0,0
31,TRANSFER,165.09,C33,719.56,554.47,C16,1008.9,1173.99,0,0
31,CASH_OUT,211.24,C35,2092.31,1881.07,C50,5476.67,5687.91,0,0
31,PAYMENT,23.82,C16,1173.99,1150.16,C36,627.1,650.92,0,0
31,CASH_OUT,275.74,C16,1150.16,874.43,C32,5741.34,6017.08,0,0
31,PAYMENT,191.28,C49,1906.85,1715.57,C40,0.0,191.28,0,0
31,CASH_OUT,34.84,C6,871.18,836.35,C39,13831.4,13866.24,0,0
31,TRANSFER,974.5,C44,2259.75,1285.26,C29,3957.12,4931.62,0,0
31,TRANSFER,195.17,C14,5169.93,4974.76,C36,650.92,846.1,0,0
31,CASH_IN,37.34,C14,4974.76,4937.42,C20,2203.2,2240.53,0,0
31,CASH_IN,570.07,C34,2398.95,1828.88,C44,1285.26,1855.33,0,0
31,CASH_IN,149.97,C25,2824.15,2674.18,C48,873.35,1023.32,0,0
31,CASH_OUT,49.21,C27,3385.68,3336.46,C45,0.0,49.21,0,0
31,CASH_OUT,89.71,C5,1746.96,1657.26,C41,5137.24,5226.94,0,0
31,CASH_OUT,191.8,C41,5226.94,5035.14,C46,2579.29,2771.09,0,0
31,CASH_IN,78.29,C33,554.47,476.18,C23,3352.03,3430.33,0,0
31,CASH_IN,238.45,C42,4507.67,4269.22,C12,5103.2,5341.65,0,0
31,CASH_IN,10.59,C50,5687.91,5677.31,C23,3430.33,3440.92,0,0
31,CASH_OUT,214.42,C42,4269.22,4054.8,C48,1023.32,1237.74,0,0
32,TRANSFER,192.19,C12,5341.65,5149.45,C40,191.28,383.47,0,0
32,PAYMENT,30.39,C44,1855.33,1824.94,C16,874.43,904.82,0,0
32,PAYMENT,194.27,C27,3336.46,3142.2,C9,1617.7,1811.97,0,0
32,PAYMENT,50.1,C43,1402.99,1352.89,C32,6017.08,6067.18,0,0
32,CASH_OUT,27.48,C1,756.35,728.87,C37,889.82,917.3,0,0
32,CASH_IN,102.09,C25,2674.18,2572.09,C39,13866.24,13968.33,0,0
32,PAYMENT,12.03,C41,5035.14,5023.12,C48,1237.74,1249.76,0,0
32,PAYMENT,38.39,C21,2637.97,2599.58,C18,1505.64,1544.03,0,0
32,CASH_IN,199.02,C19,658.74,459.72,C49,1715.57,1914.59,0,0
32,CASH_OUT,9.51,C21,2599.58,2590.06,C7,1075.28,1084.8,0,0
32,CASH_OUT,49.44,C12,5149.45,5100.01,C10,9374.18,9423.62,0,0
32,CASH_IN,245.01,C39,13968.33,13723.32,C18,1544.03,1789.04,0,0
32,CASH_IN,61.03,C30,3276.56,3215.53,C4,3248.81,3309.85,0,0
32,TRANSFER,186.99,C9,1811.97,1624.98,C36,846.1,1033.08,0,0
32,CASH_OUT,99.44,C43,1352.89,1253.46,C14,4937.42,5036.86,0,0
32,DEBIT,119.23,C32,6067.18,5947.95,C40,383.47,502.7,0,0
32,TRANSFER,82.13,C34,1828.88,1746.75,C24,2021.67,2103.8,0,0
32,CASH_IN,155.36,C22,3903.49,3748.13,C47,3264.36,3419.72,0,0
32,CASH_IN,2.32,C46,2771.09,2768.78,C13,1043.46,1045.77,0,0
32,CASH_OUT,37.16,C42,4054.8,4017.65,C13,1045.77,1082.93,0,0
33,TRANSFER,51.1,C42,4017.65,3966.55,C2,0.0,51.1,0,0
33,PAYMENT,27.32,C5,1657.26,1629.94,C14,5036.86,5064.18,0,0
33,CASH_OUT,143.42,C8,2823.21,2679.79,C17,4221.94,4365.36,0,0
33,CASH_IN,409.82,C10,9423.62,9013.8,C19,459.72,869.55,0,0
33,CASH_IN,90.86,C35,1881.07,1790.21,C31,651.77,742.64,0,0
33,PAYMENT,531.91,C24,2103.8,1571.89,C27,3142.2,3674.11,0,0
33,PAYMENT,281.23,C49,1914.59,1633.36,C28,81.8,363.03,0,0
33,PAYMENT,76.22,C47,3419.72,3343.5,C3,506.51,582.74,0,0
33,PAYMENT,126.98,C25,2572.09,2445.11,C6,836.35,963.33,0,0
33,PAYMENT,51.1,C2,51.1,0.0,C1,728.87,779.97,0,0
33,TRANSFER,461.08,C5,1629.94,1168.86,C19,869.55,1330.63,0,0
33,CASH_IN,358.93,C1,779.97,421.03,C20,2240.53,2599.47,0,0
33,CASH_OUT,19.9,C5,1168.86,1148.95,C9,1624.98,1644.89,0,0
33,TRANSFER,333.28,C17,4365.36,4032.07,C4,3309.85,3643.13,0,0
33,CASH_IN,250.93,C3,582.74,331.8,C30,3215.53,3466.47,0,0
33,PAYMENT,454.16,C46,2768.78,2314.61,C17,4032.07,4486.24,0,0
33,CASH_IN,247.23,C13,1082.93,835.7,C8,2679.79,2927.02,0,0
33,TRANSFER,44.31,C24,1571.89,1527.58,C8,2927.02,2971.33,0,0
33,CASH_IN,95.7,C5,1148.95,1053.25,C17,4486.24,4581.94,0,0
33,PAYMENT,226.96,C36,1033.08,806.13,C49,1633.36,1860.32,0,0
34,PAYMENT,473.11,C48,1249.76,776.65,C12,5100.01,5573.12,0,0
34,PAYMENT,49.21,C45,49.21,0.0,C11,1978.08,2027.3,0,0
34,CASH_IN,245.55,C48,776.65,531.11,C18,1789.04,2034.58,0,0
34,PAYMENT,86.02,C6,963.33,877.3,C22,3748.13,3834.15,0,0
34,PAYMENT,210.6,C25,2445.11,2234.51,C38,5468.93,5679.53,0,0
34,CASH_IN,20.2,C12,5573.12,5552.93,C34,1746.75,1766.94,0,0
34,PAYMENT,188.7,C13,835.7,647.0,C12,5552.93,5741.63,0,0
34,PAYMENT,4.65,C16,904.82,900.16,C37,917.3,921.95,0,0
34,CASH_OUT,292.7,C25,2234.51,1941.81,C8,2971.33,3264.03,0,0
34,PAYMENT,114.62,C29,4931.62,4817.0,C47,3343.5,3458.12,0,0
34,TRANSFER,244.45,C41,5023.12,4778.66,C4,3643.13,3887.58,0,0
34,CASH_OUT,163.69,C19,1330.63,1166.94,C42,3966.55,4130.24,0,0
34,TRANSFER,78.95,C23,3440.92,3361.97,C38,5679.53,5758.48,0,0
34,PAYMENT,187.69,C31,742.64,554.94,C41,4778.66,4966.36,0,0
34,PAYMENT,182.65,C31,554.94,372.29,C4,3887.58,4070.23,0,0
34,TRANSFER,16.56,C12,5741.63,5725.06,C25,1941.81,1958.37,0,0
34,PAYMENT,159.8,C28,363.03,203.23,C15,4863.21,5023.01,0,0
34,PAYMENT,914.28,C12,5725.06,4810.78,C47,3458.12,4372.4,0,0
34,PAYMENT,119.99,C13,647.0,527.02,C42,4130.24,4250.23,0,0
34,PAYMENT,341.95,C40,502.7,160.76,C18,2034.58,2376.53,0,0
35,PAYMENT,421.2,C43,1253.46,832.26,C38,5758.48,6179.68,0,0
35,TRANSFER,12.19,C36,806.13,793.94,C27,3674.11,3686.3,0,0
35,CASH_OUT,77.88,C48,531.11,453.23,C44,1824.94,1902.81,0,0
35,PAYMENT,232.36,C8,3264.03,3031.66,C37,921.95,1154.32,0,0
35,PAYMENT,92.23,C28,203.23,111.0,C30,3466.47,3558.69,0,0
35,PAYMENT,10.86,C43,832.26,821.4,C19,1166.94,1177.8,0,0
35,CASH_OUT,5.46,C37,1154.32,1148.85,C38,6179.68,6185.14,0,0
35,CASH_IN,49.01,C21,2590.06,2541.05,C47,4372.4,4421.42,0,0
35,DEBIT,453.41,C30,3558.69,3105.28,C44,1902.81,2356.23,0,0
35,CASH_IN,212.4,C48,453.23,240.83,C35,1790.21,2002.61,0,0
35,CASH_OUT,226.73,C26,6382.64,6155.9,C4,4070.23,4296.96,0,0
35,CASH_IN,96.53,C31,372.29,275.76,C14,5064.18,5160.71,0,0
35,PAYMENT,3.17,C22,3834.15,3830.98,C28,111.0,114.18,0,0
35,CASH_IN,159.11,C18,2376.53,2217.42,C1,421.03,580.15,0,0
35,TRANSFER,301.87,C15,5023.01,4721.15,C35,2002.61,2304.48,0,0
35,CASH_OUT,111.39,C40,160.76,49.37,C20,2599.47,2710.85,0,0
35,PAYMENT,444.31,C45,0.0,0.0,C40,49.37,493.67,0,0
35,CASH_OUT,7.93,C15,4721.15,4713.22,C49,1860.32,1868.25,0,0
35,PAYMENT,186.78,C27,3686.3,3499.53,C35,2304.48,2491.25,0,0
35,PAYMENT,527.02,C13,527.02,0.0,C40,493.67,1020.69,0,0
36,CASH_OUT,93.14,C35,2491.25,2398.11,C6,877.3,970.45,0,0
36,PAYMENT,106.17,C11,2027.3,1921.12,C17,4581.94,4688.11,0,0
36,PAYMENT,23.84,C15,4713.22,4689.37,C27,3499.53,3523.37,0,0
36,PAYMENT,1.93,C25,1958.37,1956.45,C1,580.15,582.07,0,0
36,CASH_OUT,42.2,C38,6185.14,6142.94,C21,2541.05,2583.25,0,0
36,PAYMENT,35.26,C16,900.16,864.91,C4,4296.96,4332.22,0,0
36,CASH_IN,43.84,C13,0.0,0.0,C34,1766.94,1810.79,0,0
36,PAYMENT,32.43,C28,114.18,81.75,C41,4966.36,4998.78,0,0
36,PAYMENT,156.98,C4,4332.22,4175.24,C6,970.45,1127.43,0,0
36,TRANSFER,39.91,C42,4250.23,4210.32,C26,6155.9,6195.81,0,0
36,CASH_OUT,147.07,C45,0.0,0.0,C8,3031.66,3178.74,0,0
36,PAYMENT,42.91,C8,3178.74,3135.83,C6,1127.43,1170.34,0,0
36,CASH_OUT,275.76,C31,275.76,0.0,C32,5947.95,6223.71,0,0
36,TRANSFER,414.93,C18,2217.42,1802.49,C26,6195.81,6610.74,0,0
36,CASH_OUT,47.22,C7,1084.8,1037.58,C16,864.91,912.13,0,0
36,DEBIT,392.79,C17,4688.11,4295.31,C13,0.0,392.79,0,0
36,PAYMENT,264.35,C10,9013.8,8749.45,C28,81.75,346.09,0,0
36,PAYMENT,631.82,C23,3361.97,2730.15,C43,821.4,1453.22,0,0
36,CASH_OUT,118.36,C20,2710.85,2592.5,C14,5160.71,5279.07,0,0
36,CASH_IN,40.95,C43,1453.22,1412.26,C7,1037.58,1078.53,0,0
37,TRANSFER,0.78,C42,4210.32,4209.55,C23,2730.15,2730.93,0,0
37,TRANSFER,14.49,C24,1527.58,1513.09,C12,4810.78,4825.27,0,0
37,CASH_IN,195.27,C30,3105.28,2910.01,C26,6610.74,6806.01,0,0
37,CASH_OUT,20.11,C10,8749.45,8729.34,C8,3135.83,3155.94,0,0
37,CASH_OUT,430.51,C2,0.0,0.0,C14,5279.07,5709.58,0,0
37,CASH_OUT,5.74,C3,331.8,326.06,C28,346.09,351.84,0,0
37,CASH_OUT,191.0,C10,8729.34,8538.34,C27,3523.37,3714.37,0,0
37,PAYMENT,96.23,C27,3714.37,3618.13,C28,351.84,448.07,0,0
37,CASH_IN,4.64,C5,1053.25,1048.61,C8,3155.94,3160.58,0,0
37,CASH_OUT,20.8,C15,4689.37,4668.57,C8,3160.58,3181.39,0,0
37,PAYMENT,18.11,C12,4825.27,4807.15,C16,912.13,930.24,0,0
37,CASH_OUT,143.42,C50,5677.31,5533.9,C24,1513.09,1656.5,0,0
37,CASH_IN,428.94,C16,930.24,501.3,C33,476.18,905.12,0,0
37,TRANSFER,26.51,C49,1868.25,1841.74,C16,501.3,527.81,0,0
37,DEBIT,292.01,C21,2583.25,2291.24,C34,1810.79,2102.8,0,0
37,CASH_IN,504.47,C35,2398.11,1893.63,C30,2910.01,3414.48,0,0
37,DEBIT,149.42,C30,3414.48,3265.07,C25,1956.45,2105.86,0,0
37,CASH_IN,8.76,C17,4295.31,4286.56,C24,1656.5,1665.26,0,0
37,CASH_OUT,109.84,C9,1644.89,1535.05,C21,2291.24,2401.08,0,0
37,CASH_OUT,1.36,C8,3181.39,3180.03,C5,1048.61,1049.97,0,0
38,PAYMENT,216.97,C49,1841.74,1624.77,C15,4668.57,4885.54,0,0
38,CASH_IN,1.84,C29,4817.0,4815.16,C30,3265.07,3266.91,0,0
38,CASH_IN,28.58,C4,4175.24,4146.66,C7,1078.53,1107.11,0,0
38,CASH_IN,23.66,C50,5533.9,5510.23,C45,0.0,23.66,0,0
38,PAYMENT,362.01,C9,1535.05,1173.04,C39,13723.32,14085.33,0,0
38,CASH_OUT,49.58,C2,0.0,0.0,C11,1921.12,1970.7,0,0
38,PAYMENT,245.3,C23,2730.93,2485.63,C43,1412.26,1657.56,0,0
38,TRANSFER,23.74,C24,1665.26,1641.52,C43,1657.56,1681.3,0,0
38,PAYMENT,43.0,C13,392.79,349.79,C27,3618.13,3661.13,0,0
38,CASH_IN,323.74,C12,4807.15,4483.42,C25,2105.86,2429.6,0,0
38,CASH_IN,305.83,C38,6142.94,5837.11,C17,4286.56,4592.38,0,0
38,TRANSFER,145.74,C46,2314.61,2168.88,C26,6806.01,6951.75,0,0
38,CASH_IN,47.63,C1,582.07,534.44,C33,905.12,952.75,0,0
38,CASH_OUT,233.17,C27,3661.13,3427.96,C47,4421.42,4654.59,0,0
38,CASH_IN,220.69,C7,1107.11,886.42,C2,0.0,220.69,0,0
38,TRANSFER,123.56,C39,14085.33,13961.77,C8,3180.03,3303.58,0,0
38,CASH_IN,18.38,C49,1624.77,1606.39,C33,952.75,971.13,0,0
38,PAYMENT,25.48,C15,4885.54,4860.06,C39,13961.77,13987.25,0,0
38,PAYMENT,241.59,C1,534.44,292.85,C13,349.79,591.39,0,0
38,PAYMENT,23.66,C45,23.66,0.0,C16,527.81,551.48,0,0
39,DEBIT,23.37,C18,1802.49,1779.12,C37,1148.85,1172.22,0,0
39,DEBIT,341.85,C32,6223.71,5881.86,C12,4483.42,4825.27,0,0
39,TRANSFER,254.43,C32,5881.86,5627.43,C10,8538.34,8792.77,0,0
39,PAYMENT,55.73,C47,4654.59,4598.85,C31,0.0,55.73,0,0
39,CASH_OUT,97.03,C28,448.07,351.03,C11,1970.7,2067.74,0,0
39,CASH_IN,45.55,C43,1681.3,1635.76,C13,591.39,636.93,0,0
39,PAYMENT,66.63,C22,3830.98,3764.35,C17,4592.38,4659.01,0,0
39,CASH_OUT,91.11,C4,4146.66,4055.56,C11,2067.74,2158.84,0,0
39,PAYMENT,17.09,C23,2485.63,2468.54,C50,5510.23,5527.32,0,0
39,CASH_IN,1.53,C34,2102.8,2101.28,C40,1020.69,1022.22,0,0
39,PAYMENT,181.24,C32,5627.43,5446.19,C36,793.94,975.18,0,0
39,PAYMENT,8.93,C3,326.06,317.13,C20,2592.5,2601.43,0,0
39,CASH_IN,76.14,C42,4209.55,4133.4,C11,2158.84,2234.99,0,0
39,CASH_IN,404.95,C19,1177.8,772.85,C24,1641.52,2046.47,0,0
39,CASH_IN,460.43,C9,1173.04,712.61,C16,551.48,1011.9,0,0
39,CASH_OUT,28.17,C12,4825.27,4797.11,C31,55.73,83.9,0,0
39,TRANSFER,54.99,C10,8792.77,8737.78,C13,636.93,691.92,0,0
39,CASH_IN,79.95,C25,2429.6,2349.65,C41,4998.78,5078.74,0,0
39,PAYMENT,545.05,C37,1172.22,627.17,C5,1049.97,1595.02,0,0
39,CASH_OUT,253.01,C32,5446.19,5193.17,C42,4133.4,4386.42,0,0
40,CASH_OUT,104.38,C29,4815.16,4710.77,C45,0.0,104.38,0,0
40,DEBIT,317.13,C3,317.13,0.0,C38,5837.11,6154.24,0,0
40,CASH_IN,298.3,C35,1893.63,1595.33,C23,2468.54,2766.84,0,0
40,PAYMENT,110.59,C48,240.83,130.24,C40,1022.22,1132.8,0,0
40,TRANSFER,59.18,C18,1779.12,1719.95,C28,351.03,410.21,0,0
40,CASH_OUT,67.84,C48,130.24,62.4,C1,292.85,360.69,0,0
40,PAYMENT,107.27,C1,360.69,253.42,C3,0.0,107.27,0,0
40,CASH_OUT,129.59,C36,975.18,845.59,C13,691.92,821.5,0,0
40,PAYMENT,227.46,C26,6951.75,6724.29,C31,83.9,311.36,0,0
40,CASH_IN,485.1,C37,627.17,142.07,C16,1011.9,1497.0,0,0
40,PAYMENT,147.38,C26,6724.29,6576.91,C25,2349.65,2497.03,0,0
40,PAYMENT,17.84,C21,2401.08,2383.24,C40,1132.8,1150.64,0,0
40,PAYMENT,86.77,C23,2766.84,2680.07,C37,142.07,228.84,0,0
40,CASH_IN,285.85,C24,2046.47,1760.62,C3,107.27,393.11,0,0
40,DEBIT,673.93,C30,3266.91,2592.98,C44,2356.23,3030.15,0,0
40,CASH_OUT,40.81,C10,8737.78,8696.97,C8,3303.58,3344.39,0,0
40,CASH_IN,5.99,C20,2601.43,2595.44,C29,4710.77,4716.77,0,0
40,CASH_OUT,364.53,C41,5078.74,4714.2,C34,2101.28,2465.81,0,0
40,CASH_OUT,110.81,C21,2383.24,2272.42,C17,4659.01,4769.83,0,0
40,PAYMENT,229.71,C33,971.13,741.41,C17,4769.83,4999.54,0,0
41,PAYMENT,16.38,C8,3344.39,3328.01,C11,2234.99,2251.37,0,0
41,DEBIT,220.69,C2,220.69,0.0,C4,4055.56,4276.24,0,0
41,PAYMENT,109.74,C35,1595.33,1485.59,C36,845.59,955.34,0,0
41,TRANSFER,82.67,C12,4797.11,4714.44,C18,1719.95,1802.61,0,0
41,PAYMENT,99.6,C29,4716.77,4617.17,C3,393.11,492.71,0,0
41,TRANSFER,250.7,C6,1170.34,919.64,C39,13987.25,14237.95,0,0
41,CASH_IN,148.55,C5,1595.02,1446.48,C9,712.61,861.16,0,0
41,TRANSFER,210.8,C15,4860.06,4649.26,C9,861.16,1071.97,0,0
41,TRANSFER,96.24,C33,741.41,645.18,C13,821.5,917.74,0,0
41,PAYMENT,3.1,C39,14237.95,14234.85,C22,3764.35,3767.44,0,0
41,CASH_OUT,86.69,C27,3427.96,3341.27,C18,1802.61,1889.31,0,0
41,CASH_IN,10.66,C7,886.42,875.76,C39,14234.85,14245.51,0,0
41,CASH_IN,300.21,C36,955.34,655.13,C17,4999.54,5299.74,0,0
41,TRANSFER,33.46,C25,2497.03,2463.56,C45,104.38,137.85,0,0
41,PAYMENT,72.6,C17,5299.74,5227.14,C8,3328.01,3400.61,0,0
41,TRANSFER,191.35,C19,772.85,581.5,C34,2465.81,2657.16,0,0
41,TRANSFER,285.75,C5,1446.48,1160.72,C25,2463.56,2749.32,0,0
41,CASH_IN,230.34,C20,2595.44,2365.1,C25,2749.32,2979.65,0,0
41,TRANSFER,75.51,C12,4714.44,4638.93,C20,2365.1,2440.61,0,0
41,CASH_OUT,260.05,C44,3030.15,2770.11,C38,6154.24,6414.28,0,0
42,PAYMENT,97.45,C9,1071.97,974.51,C25,2979.65,3077.11,0,0
42,CASH_IN,49.51,C16,1497.0,1447.5,C24,1760.62,1810.13,0,0
42,TRANSFER,279.0,C19,581.5,302.5,C13,917.74,1196.74,0,0
42,CASH_OUT,210.17,C32,5193.17,4983.0,C12,4638.93,4849.1,0,0
42,CASH_IN,36.1,C28,410.21,374.11,C38,6414.28,6450.38,0,0
42,PAYMENT,62.4,C48,62.4,0.0,C43,1635.76,1698.16,0,0
42,CASH_IN,56.54,C35,1485.59,1429.04,C17,5227.14,5283.69,0,0
42,TRANSFER,40.47,C31,311.36,270.89,C3,492.71,533.18,0,0
42,PAYMENT,14.39,C12,4849.1,4834.7,C37,228.84,243.23,0,0
42,CASH_IN,3.91,C32,4983.0,4979.09,C11,2251.37,2255.28,0,0
42,CASH_IN,1159.72,C44,2770.11,1610.38,C13,1196.74,2356.46,0,0
42,TRANSFER,48.42,C25,3077.11,3028.68,C15,4649.26,4697.69,0,0
42,PAYMENT,117.07,C18,1889.31,1772.24,C13,2356.46,2473.53,0,0
42,CASH_IN,1242.48,C10,8696.97,7454.49,C39,14245.51,15487.99,0,0
42,CASH_IN,392.34,C21,2272.42,1880.09,C6,919.64,1311.98,0,0
42,PAYMENT,137.69,C20,2440.61,2302.93,C34,2657.16,2794.84,0,0
42,PAYMENT,70.74,C45,137.85,67.11,C9,974.51,1045.25,0,0
42,PAYMENT,159.36,C36,655.13,495.77,C29,4617.17,4776.53,0,0
42,CASH_IN,79.29,C27,3341.27,3261.99,C21,1880.09,1959.37,0,0
42,TRANSFER,100.52,C13,2473.53,2373.01,C38,6450.38,6550.9,0,0
43,CASH_IN,9.21,C49,1606.39,1597.18,C30,2592.98,2602.19,0,0
43,PAYMENT,294.48,C19,302.5,8.02,C22,3767.44,4061.92,0,0
43,CASH_IN,18.6,C47,4598.85,4580.25,C3,533.18,551.78,0,0
43,PAYMENT,120.08,C4,4276.24,4156.17,C7,875.76,995.84,0,0
43,CASH_OUT,79.52,C27,3261.99,3182.47,C19,8.02,87.54,0,0
43,PAYMENT,118.69,C29,4776.53,4657.85,C37,243.23,361.92,0,0
43,PAYMENT,3.49,C25,3028.68,3025.19,C22,4061.92,4065.41,0,0
43,PAYMENT,11.11,C41,4714.2,4703.09,C49,1597.18,1608.3,0,0
43,PAYMENT,419.87,C9,1045.25,625.38,C20,2302.93,2722.8,0,0
43,PAYMENT,235.58,C15,4697.69,4462.1,C45,67.11,302.69,0,0
43,CASH_IN,80.24,C26,6576.91,6496.67,C8,3400.61,3480.86,0,0
43,CASH_IN,158.19,C42,4386.42,4228.23,C16,1447.5,1605.68,0,0
43,PAYMENT,81.12,C3,551.78,470.66,C47,4580.25,4661.37,0,0
43,TRANSFER,26.81,C31,270.89,244.09,C49,1608.3,1635.11,0,0
43,PAYMENT,29.2,C16,1605.68,1576.49,C18,1772.24,1801.44,0,0
43,CASH_IN,17.04,C21,1959.37,1942.34,C15,4462.1,4479.14,0,0
43,CASH_OUT,242.42,C22,4065.41,3822.99,C27,3182.47,3424.89,0,0
43,PAYMENT,18.21,C32,4979.09,4960.89,C45,302.69,320.9,0,0
43,TRANSFER,44.9,C27,3424.89,3379.99,C5,1160.72,1205.63,0,0
43,CASH_OUT,76.31,C32,4960.89,4884.58,C43,1698.16,1774.47,0,0
44,CASH_IN,58.27,C17,5283.69,5225.42,C21,1942.34,2000.61,0,0
44,CASH_OUT,142.78,C7,995.84,853.06,C23,2680.07,2822.85,0,0
44,TRANSFER,4.07,C6,1311.98,1307.91,C31,244.09,248.16,0,0
44,TRANSFER,131.04,C35,1429.04,1298.0,C12,4834.7,4965.75,0,0
44,CASH_OUT,153.51,C2,0.0,0.0,C23,2822.85,2976.36,0,0
44,TRANSFER,572.0,C42,4228.23,3656.23,C10,7454.49,8026.48,0,0
44,TRANSFER,15.15,C29,4657.85,4642.7,C22,3822.99,3838.14,0,0
44,DEBIT,22.49,C41,4703.09,4680.6,C42,3656.23,3678.72,0,0
44,CASH_IN,91.5,C6,1307.91,1216.4,C44,1610.38,1701.89,0,0
44,PAYMENT,128.28,C42,3678.72,3550.43,C5,1205.63,1333.91,0,0
44,CASH_IN,21.01,C5,1333.91,1312.9,C48,0.0,21.01,0,0
44,PAYMENT,406.4,C18,1801.44,1395.04,C6,1216.4,1622.8,0,0
44,PAYMENT,66.51,C20,2722.8,2656.29,C46,2168.88,2235.39,0,0
44,TRANSFER,323.66,C41,4680.6,4356.94,C39,15487.99,15811.65,0,0
44,TRANSFER,169.22,C15,4479.14,4309.92,C50,5527.32,5696.54,0,0
44,CASH_IN,374.39,C14,5709.58,5335.19,C35,1298.0,1672.39,0,0
44,TRANSFER,92.78,C37,361.92,269.13,C36,495.77,588.55,0,0
44,PAYMENT,163.24,C38,6550.9,6387.66,C8,3480.86,3644.09,0,0
44,CASH_OUT,203.12,C37,269.13,66.01,C8,3644.09,3847.22,0,0
44,CASH_IN,607.46,C16,1576.49,969.03,C40,1150.64,1758.1,0,0
45,CASH_IN,244.53,C22,3838.14,3593.61,C13,2373.01,2617.54,0,0
45,PAYMENT,8.75,C1,253.42,244.67,C17,5225.42,5234.17,0,0
45,CASH_IN,259.09,C38,6387.66,6128.57,C31,248.16,507.25,0,0
45,CASH_IN,141.59,C6,1622.8,1481.21,C24,1810.13,1951.72,0,0
45,CASH_OUT,36.48,C1,244.67,208.19,C27,3379.99,3416.47,0,0
45,PAYMENT,87.54,C19,87.54,0.0,C1,208.19,295.73,0,0
45,CASH_OUT,738.37,C5,1312.9,574.52,C10,8026.48,8764.85,0,0
45,CASH_OUT,262.26,C34,2794.84,2532.59,C23,2976.36,3238.62,0,0
45,CASH_IN,212.67,C35,1672.39,1459.72,C8,3847.22,4059.89,0,0
45,CASH_IN,32.42,C23,3238.62,3206.2,C15,4309.92,4342.34,0,0
45,TRANSFER,81.22,C41,4356.94,4275.72,C15,4342.34,4423.56,0,0
45,PAYMENT,494.99,C26,6496.67,6001.68,C18,1395.04,1890.03,0,0
45,CASH_IN,28.42,C29,4642.7,4614.27,C31,507.25,535.67,0,0
45,TRANSFER,91.28,C7,853.06,761.78,C18,1890.03,1981.31,0,0
45,CASH_OUT,113.1,C2,0.0,0.0,C9,625.38,738.47,0,0
45,CASH_OUT,492.95,C30,2602.19,2109.23,C40,1758.1,2251.06,0,0
45,TRANSFER,149.31,C8,4059.89,3910.58,C21,2000.61,2149.92,0,0
45,TRANSFER,142.37,C21,2149.92,2007.55,C11,2255.28,2397.65,0,0
45,CASH_IN,82.42,C28,374.11,291.69,C18,1981.31,2063.73,0,0
45,CASH_IN,439.52,C22,3593.61,3154.09,C50,5696.54,6136.06,0,0
46,CASH_OUT,28.44,C2,0.0,0.0,C48,21.01,49.45,0,0
46,PAYMENT,7.78,C36,588.55,580.77,C39,15811.65,15819.44,0,0
46,CASH_OUT,147.38,C33,645.18,497.8,C50,6136.06,6283.44,0,0
46,PAYMENT,62.51,C35,1459.72,1397.22,C12,4965.75,5028.26,0,0
46,CASH_OUT,118.57,C30,2109.23,1990.66,C50,6283.44,6402.01,0,0
46,TRANSFER,39.08,C3,470.66,431.58,C46,2235.39,2274.47,0,0
46,DEBIT,13.81,C47,4661.37,4647.57,C11,2397.65,2411.45,0,0
46,CASH_IN,181.47,C40,2251.06,2069.58,C16,969.03,1150.5,0,0
46,PAYMENT,123.01,C50,6402.01,6279.0,C10,8764.85,8887.87,0,0
46,CASH_OUT,288.6,C35,1397.22,1108.62,C27,3416.47,3705.07,0,0
46,PAYMENT,22.3,C20,2656.29,2633.99,C42,3550.43,3572.73,0,0
46,CASH_OUT,85.0,C21,2007.55,1922.55,C4,4156.17,4241.16,0,0
46,CASH_IN,162.54,C27,3705.07,3542.54,C4,4241.16,4403.7,0,0
46,CASH_IN,75.18,C14,5335.19,5260.01,C46,2274.47,2349.65,0,0
46,PAYMENT,468.86,C16,1150.5,681.64,C7,761.78,1230.63,0,0
46,CASH_IN,30.82,C3,431.58,400.76,C49,1635.11,1665.93,0,0
46,CASH_IN,145.33,C11,2411.45,2266.13,C24,1951.72,2097.04,0,0
46,CASH_IN,268.13,C22,3154.09,2885.96,C7,1230.63,1498.76,0,0
46,TRANSFER,17.09,C18,2063.73,2046.64,C21,1922.55,1939.64,0,0
46,CASH_OUT,39.92,C43,1774.47,1734.54,C6,1481.21,1521.14,0,0
47,PAYMENT,42.48,C44,1701.89,1659.41,C13,2617.54,2660.02,0,0
47,TRANSFER,145.17,C9,738.47,593.3,C28,291.69,436.86,0,0
47,PAYMENT,155.49,C5,574.52,419.03,C32,4884.58,5040.07,0,0
47,DEBIT,3.96,C39,15819.44,15815.47,C46,2349.65,2353.61,0,0
47,PAYMENT,237.39,C38,6128.57,5891.17,C31,535.67,773.07,0,0
47,TRANSFER,284.38,C45,320.9,36.52,C40,2069.58,2353.97,0,0
47,CASH_IN,10.39,C24,2097.04,2086.66,C23,3206.2,3216.59,0,0
47,PAYMENT,60.13,C6,1521.14,1461.01,C5,419.03,479.16,0,0
47,CASH_IN,268.96,C42,3572.73,3303.78,C11,2266.13,2535.08,0,0
47,CASH_IN,86.59,C39,15815.47,15728.89,C12,5028.26,5114.84,0,0
47,PAYMENT,302.43,C35,1108.62,806.18,C28,436.86,739.3,0,0
47,CASH_IN,87.93,C21,1939.64,1851.71,C22,2885.96,2973.89,0,0
47,CASH_IN,112.7,C25,3025.19,2912.49,C1,295.73,408.43,0,0
47,PAYMENT,898.33,C22,2973.89,2075.57,C15,4423.56,5321.89,0,0
47,CASH_OUT,118.57,C40,2353.97,2235.4,C41,4275.72,4394.29,0,0
47,PAYMENT,77.83,C29,4614.27,4536.44,C30,1990.66,2068.49,0,0
47,CASH_OUT,6.61,C49,1665.93,1659.32,C13,2660.02,2666.63,0,0
47,TRANSFER,65.88,C28,739.3,673.42,C40,2235.4,2301.27,0,0
47,TRANSFER,15.52,C24,2086.66,2071.13,C36,580.77,596.29,0,0
47,PAYMENT,288.45,C17,5234.17,4945.72,C1,408.43,696.88,0,0
48,PAYMENT,104.78,C6,1461.01,1356.23,C39,15728.89,15833.67,0,0
48,TRANSFER,2494.75,C22,2075.57,0.0,C37,66.01,2560.76,1,0
48,PAYMENT,36.52,C45,36.52,0.0,C48,49.45,85.97,0,0
48,CASH_IN,854.25,C46,2353.61,1499.36,C43,1734.54,2588.79,0,0
48,CASH_IN,638.76,C40,2301.27,1662.51,C21,1851.71,2490.47,0,0
48,CASH_OUT,5325.12,C2,0.0,0.0,C40,1662.51,6987.63,1,0
48,CASH_OUT,72.52,C47,4647.57,4575.04,C4,4403.7,4476.22,0,0
48,CASH_OUT,118.67,C16,681.64,562.97,C32,5040.07,5158.74,0,0
48,CASH_IN,177.36,C11,2535.08,2357.72,C10,8887.87,9065.23,0,0
48,DEBIT,266.55,C15,5321.89,5055.34,C50,6279.0,6545.55,0,0
48,PAYMENT,135.9,C26,6001.68,5865.77,C12,5114.84,5250.75,0,0
48,PAYMENT,64.01,C44,1659.41,1595.4,C15,5055.34,5119.34,0,0
48,PAYMENT,13.64,C8,3910.58,3896.93,C21,2490.47,2504.11,0,0
48,PAYMENT,259.24,C47,4575.04,4315.81,C14,5260.01,5519.25,0,0
48,CASH_OUT,18.8,C41,4394.29,4375.5,C9,593.3,612.09,0,0
48,CASH_IN,513.69,C8,3896.93,3383.24,C49,1659.32,2173.01,0,0
48,CASH_OUT,195.25,C8,3383.24,3187.99,C3,400.76,596.01,0,0
48,CASH_IN,37.96,C18,2046.64,2008.68,C31,773.07,811.03,0,0
48,CASH_OUT,358.09,C3,596.01,237.93,C5,479.16,837.25,0,0
48,CASH_OUT,64.33,C36,596.29,531.96,C20,2633.99,2698.32,0,0
49,PAYMENT,233.74,C26,5865.77,5632.04,C32,5158.74,5392.48,0,0
49,PAYMENT,3.46,C50,6545.55,6542.09,C45,0.0,3.46,0,0
49,TRANSFER,29.87,C2,0.0,0.0,C46,1499.36,1529.23,0,0
49,PAYMENT,7.32,C28,673.42,666.1,C7,1498.76,1506.09,0,0
49,CASH_IN,600.52,C8,3187.99,2587.47,C43,2588.79,3189.31,0,0
49,CASH_IN,237.93,C3,237.93,0.0,C35,806.18,1044.11,0,0
49,CASH_IN,269.74,C25,2912.49,2642.76,C42,3303.78,3573.51,0,0
49,PAYMENT,350.35,C17,4945.72,4595.37,C19,0.0,350.35,0,0
49,DEBIT,50.37,C26,5632.04,5581.67,C23,3216.59,3266.96,0,0
49,CASH_OUT,16.35,C31,811.03,794.68,C41,4375.5,4391.85,0,0
49,DEBIT,226.24,C47,4315.81,4089.56,C28,666.1,892.34,0,0
49,TRANSFER,30.02,C49,2173.01,2142.99,C37,2560.76,2590.78,0,0
49,PAYMENT,17.69,C35,1044.11,1026.42,C26,5581.67,5599.36,0,0
49,PAYMENT,664.02,C12,5250.75,4586.72,C19,350.35,1014.38,0,0
49,TRANSFER,241.55,C9,612.09,370.55,C14,5519.25,5760.79,0,0
49,PAYMENT,173.92,C32,5392.48,5218.56,C21,2504.11,2678.03,0,0
49,CASH_OUT,197.96,C23,3266.96,3068.99,C14,5760.79,5958.76,0,0
49,CASH_OUT,71.4,C34,2532.59,2461.19,C29,4536.44,4607.84,0,0
49,PAYMENT,98.07,C7,1506.09,1408.02,C23,3068.99,3167.06,0,0
49,CASH_IN,125.52,C17,4595.37,4469.84,C27,3542.54,3668.06,0,0
50,CASH_IN,157.71,C39,15833.67,15675.96,C22,0.0,157.71,0,0
50,PAYMENT,258.28,C20,2698.32,2440.04,C30,2068.49,2326.77,0,0
50,PAYMENT,73.16,C43,3189.31,3116.15,C2,0.0,73.16,0,0
50,CASH_OUT,185.63,C41,4391.85,4206.21,C43,3116.15,3301.79,0,0
50,PAYMENT,208.53,C47,4089.56,3881.03,C4,4476.22,4684.76,0,0
50,CASH_IN,281.35,C3,0.0,0.0,C25,2642.76,2924.11,0,0
50,PAYMENT,4.85,C26,5599.36,5594.51,C30,2326.77,2331.63,0,0
50,DEBIT,183.97,C42,3573.51,3389.55,C9,370.55,554.51,0,0
50,PAYMENT,369.32,C13,2666.63,2297.31,C26,5594.51,5963.83,0,0
50,TRANSFER,683.81,C37,2590.78,1906.97,C41,4206.21,4890.02,0,0
50,PAYMENT,111.15,C29,4607.84,4496.69,C22,157.71,268.86,0,0
50,CASH_IN,12.46,C30,2331.63,2319.17,C32,5218.56,5231.01,0,0
50,CASH_OUT,129.71,C36,531.96,402.25,C28,892.34,1022.05,0,0
50,PAYMENT,172.31,C17,4469.84,4297.54,C30,2319.17,2491.48,0,0
50,CASH_OUT,371.1,C34,2461.19,2090.08,C4,4684.76,5055.86,0,0
50,CASH_OUT,41.3,C27,3668.06,3626.75,C25,2924.11,2965.42,0,0
50,PAYMENT,205.42,C41,4890.02,4684.61,C9,554.51,759.93,0,0
50,PAYMENT,197.89,C46,1529.23,1331.35,C29,4496.69,4694.58,0,0
50,DEBIT,193.51,C22,268.86,75.35,C16,562.97,756.48,0,0
50,PAYMENT,150.47,C29,4694.58,4544.11,C49,2142.99,2293.46,0,0
51,CASH_IN,85.97,C48,85.97,0.0,C47,3881.03,3967.0,0,0
51,PAYMENT,143.69,C16,756.48,612.79,C9,759.93,903.62,0,0
51,PAYMENT,69.39,C30,2491.48,2422.09,C20,2440.04,2509.43,0,0
51,PAYMENT,59.57,C2,73.16,13.59,C38,5891.17,5950.74,0,0
51,CASH_IN,105.77,C43,3301.79,3196.02,C30,2422.09,2527.85,0,0
51,PAYMENT,92.6,C50,6542.09,6449.49,C23,3167.06,3259.66,0,0
51,CASH_OUT,106.03,C14,5958.76,5852.73,C46,1331.35,1437.37,0,0
51,CASH_IN,145.55,C1,696.88,551.32,C30,2527.85,2673.4,0,0
51,CASH_OUT,58.12,C32,5231.01,5172.9,C17,4297.54,4355.66,0,0
51,CASH_OUT,153.68,C12,4586.72,4433.04,C30,2673.4,2827.09,0,0
51,TRANSFER,43.26,C9,903.62,860.36,C8,2587.47,2630.73,0,0
51,CASH_IN,38.09,C13,2297.31,2259.22,C44,1595.4,1633.49,0,0
51,PAYMENT,92.73,C12,4433.04,4340.32,C3,0.0,92.73,0,0
51,CASH_OUT,293.06,C7,1408.02,1114.96,C1,551.32,844.38,0,0
51,CASH_IN,289.51,C33,497.8,208.29,C21,2678.03,2967.53,0,0
51,TRANSFER,98.32,C23,3259.66,3161.35,C5,837.25,935.56,0,0
51,DEBIT,92.73,C3,92.73,0.0,C11,2357.72,2450.45,0,0
51,PAYMENT,10.27,C44,1633.49,1623.22,C38,5950.74,5961.01,0,0
51,TRANSFER,45.62,C23,3161.35,3115.73,C18,2008.68,2054.29,0,0
51,TRANSFER,344.75,C9,860.36,515.61,C18,2054.29,2399.05,0,0
52,PAYMENT,44.09,C37,1906.97,1862.87,C13,2259.22,2303.31,0,0
52,DEBIT,260.74,C26,5963.83,5703.1,C49,2293.46,2554.2,0,0
52,TRANSFER,13.59,C2,13.59,0.0,C46,1437.37,1450.96,0,0
52,PAYMENT,33.21,C6,1356.23,1323.02,C44,1623.22,1656.43,0,0
52,CASH_IN,207.88,C19,1014.38,806.49,C32,5172.9,5380.78,0,0
52,DEBIT,198.94,C10,9065.23,8866.29,C5,935.56,1134.5,0,0
52,PAYMENT,28.06,C41,4684.61,4656.54,C24,2071.13,2099.2,0,0
52,TRANSFER,89.84,C10,8866.29,8776.45,C35,1026.42,1116.25,0,0
52,CASH_OUT,278.58,C4,5055.86,4777.28,C27,3626.75,3905.34,0,0
52,PAYMENT,298.87,C27,3905.34,3606.47,C7,1114.96,1413.82,0,0
52,DEBIT,825.45,C2,0.0,0.0,C4,4777.28,5602.72,0,0
52,CASH_OUT,689.72,C29,4544.11,3854.39,C25,2965.42,3655.14,0,0
52,PAYMENT,28.63,C35,1116.25,1087.63,C36,402.25,430.87,0,0
52,CASH_IN,120.27,C29,3854.39,3734.12,C3,0.0,120.27,0,0
52,PAYMENT,123.1,C9,515.61,392.51,C17,4355.66,4478.75,0,0
52,PAYMENT,74.87,C14,5852.73,5777.85,C10,8776.45,8851.33,0,0
52,CASH_OUT,3.46,C45,3.46,0.0,C23,3115.73,3119.19,0,0
52,CASH_IN,415.64,C39,15675.96,15260.32,C17,4478.75,4894.39,0,0
52,CASH_OUT,515.92,C7,1413.82,897.9,C28,1022.05,1537.97,0,0
52,CASH_IN,120.27,C3,120.27,0.0,C15,5119.34,5239.61,0,0
53,TRANSFER,2742.3,C30,2827.09,84.79,C34,2090.08,4832.38,1,0
53,PAYMENT,208.29,C33,208.29,0.0,C29,3734.12,3942.42,0,0
53,TRANSFER,296.03,C33,0.0,0.0,C18,2399.05,2695.08,0,0
53,TRANSFER,136.68,C8,2630.73,2494.05,C20,2509.43,2646.11,0,0
53,PAYMENT,13.48,C27,3606.47,3592.99,C41,4656.54,4670.02,0,0
53,PAYMENT,203.24,C25,3655.14,3451.9,C45,0.0,203.24,0,0
53,CASH_IN,103.11,C16,612.79,509.68,C40,6987.63,7090.75,0,0
53,CASH_IN,247.12,C14,5777.85,5530.74,C24,2099.2,2346.31,0,0
53,PAYMENT,472.09,C4,5602.72,5130.63,C21,2967.53,3439.63,0,0
53,PAYMENT,172.27,C44,1656.43,1484.16,C38,5961.01,6133.28,0,0
53,PAYMENT,46.56,C9,392.51,345.95,C16,509.68,556.23,0,0
53,PAYMENT,116.72,C25,3451.9,3335.17,C39,15260.32,15377.04,0,0
53,PAYMENT,49.51,C17,4894.39,4844.89,C30,84.79,134.3,0,0
53,CASH_IN,33.59,C37,1862.87,1829.28,C7,897.9,931.49,0,0
53,PAYMENT,22.21,C22,75.35,53.14,C49,2554.2,2576.4,0,0
53,TRANSFER,87.73,C10,8851.33,8763.6,C33,0.0,87.73,0,0
53,CASH_OUT,137.7,C11,2450.45,2312.74,C24,2346.31,2484.02,0,0
53,TRANSFER,333.34,C17,4844.89,4511.55,C10,8763.6,9096.94,0,0
53,PAYMENT,579.66,C24,2484.02,1904.36,C46,1450.96,2030.62,0,0
53,CASH_OUT,134.3,C30,134.3,0.0,C40,7090.75,7225.05,0,0
54,CASH_OUT,253.95,C50,6449.49,6195.55,C11,2312.74,2566.69,0,0
54,CASH_IN,25.96,C4,5130.63,5104.67,C15,5239.61,5265.57,0,0
54,DEBIT,208.87,C17,4511.55,4302.68,C33,87.73,296.6,0,0
54,CASH_IN,508.29,C49,2576.4,2068.11,C39,15377.04,15885.33,0,0
54,PAYMENT,37.19,C37,1829.28,1792.09,C10,9096.94,9134.13,0,0
54,CASH_OUT,609.66,C10,9134.13,8524.47,C9,345.95,955.61,0,0
54,TRANSFER,43.02,C33,296.6,253.58,C27,3592.99,3636.01,0,0
54,TRANSFER,156.25,C28,1537.97,1381.73,C26,5703.1,5859.34,0,0
54,PAYMENT,41.16,C22,53.14,11.98,C46,2030.62,2071.78,0,0
54,TRANSFER,221.28,C4,5104.67,4883.39,C21,3439.63,3660.9,0,0
54,CASH_OUT,152.35,C11,2566.69,2414.34,C43,3196.02,3348.37,0,0
54,TRANSFER,102.44,C32,5380.78,5278.34,C47,3967.0,4069.44,0,0
54,CASH_OUT,39.49,C19,806.49,767.01,C44,1484.16,1523.64,0,0
54,CASH_OUT,5.0,C36,430.87,425.88,C1,844.38,849.38,0,0
54,DEBIT,683.39,C9,955.61,272.22,C19,767.01,1450.4,0,0
54,CASH_IN,8.92,C49,2068.11,2059.19,C25,3335.17,3344.1,0,0
54,CASH_OUT,130.3,C24,1904.36,1774.07,C18,2695.08,2825.37,0,0
54,DEBIT,167.17,C42,3389.55,3222.38,C5,1134.5,1301.67,0,0
54,TRANSFER,305.91,C27,3636.01,3330.1,C43,3348.37,3654.28,0,0
54,CASH_IN,135.74,C19,1450.4,1314.66,C25,3344.1,3479.84,0,0
55,DEBIT,51.9,C49,2059.19,2007.29,C20,2646.11,2698.01,0,0
55,CASH_OUT,39.39,C40,7225.05,7185.66,C6,1323.02,1362.41,0,0
55,PAYMENT,98.84,C43,3654.28,3555.44,C7,931.49,1030.33,0,0
55,CASH_IN,2.69,C28,1381.73,1379.04,C27,3330.1,3332.79,0,0
55,PAYMENT,10.55,C25,3479.84,3469.28,C9,272.22,282.78,0,0
55,TRANSFER,739.18,C12,4340.32,3601.14,C10,8524.47,9263.65,0,0
55,TRANSFER,40.45,C44,1523.64,1483.2,C19,1314.66,1355.1,0,0
55,TRANSFER,89.22,C43,3555.44,3466.22,C11,2414.34,2503.56,0,0
55,PAYMENT,39.48,C28,1379.04,1339.56,C20,2698.01,2737.49,0,0
55,TRANSFER,44.18,C13,2303.31,2259.14,C1,849.38,893.56,0,0
55,CASH_IN,104.31,C42,3222.38,3118.07,C40,7185.66,7289.97,0,0
55,CASH_OUT,2069.37,C45,203.24,0.0,C37,1792.09,3861.46,1,0
55,PAYMENT,336.28,C30,0.0,0.0,C41,4670.02,5006.3,0,0
55,PAYMENT,280.35,C11,2503.56,2223.21,C27,3332.79,3613.14,0,0
55,CASH_IN,138.69,C5,1301.67,1162.98,C2,0.0,138.69,0,0
55,TRANSFER,131.45,C36,425.88,294.43,C40,7289.97,7421.42,0,0
55,PAYMENT,355.91,C14,5530.74,5174.82,C46,2071.78,2427.69,0,0
55,TRANSFER,17.95,C46,2427.69,2409.75,C10,9263.65,9281.6,0,0
55,CASH_IN,151.34,C23,3119.19,2967.85,C16,556.23,707.58,0,0
55,PAYMENT,118.58,C4,4883.39,4764.81,C15,5265.57,5384.15,0,0
56,CASH_OUT,319.4,C44,1483.2,1163.8,C15,5384.15,5703.55,0,0
56,CASH_OUT,138.96,C23,2967.85,2828.88,C18,2825.37,2964.34,0,0
56,TRANSFER,96.65,C27,3613.14,3516.49,C35,1087.63,1184.28,0,0
56,TRANSFER,7.2,C32,5278.34,5271.14,C27,3516.49,3523.69,0,0
56,PAYMENT,272.93,C50,6195.55,5922.61,C27,3523.69,3796.62,0,0
56,PAYMENT,9.97,C46,2409.75,2399.78,C33,253.58,263.55,0,0
56,PAYMENT,15.79,C31,794.68,778.89,C1,893.56,909.35,0,0
56,CASH_OUT,15676.14,C39,15885.33,209.19,C24,1774.07,17450.21,1,0
56,PAYMENT,138.69,C2,138.69,0.0,C23,2828.88,2967.57,0,0
56,TRANSFER,43.92,C2,0.0,0.0,C45,0.0,43.92,0,0
56,CASH_IN,223.45,C50,5922.61,5699.16,C12,3601.14,3824.59,0,0
56,CASH_IN,11.98,C22,11.98,0.0,C3,0.0,11.98,0,0
56,TRANSFER,56.8,C14,5174.82,5118.02,C50,5699.16,5755.97,0,0
56,TRANSFER,88.78,C26,5859.34,5770.57,C33,263.55,352.32,0,0
56,TRANSFER,37.6,C44,1163.8,1126.2,C35,1184.28,1221.88,0,0
56,TRANSFER,95.19,C6,1362.41,1267.23,C43,3466.22,3561.4,0,0
56,CASH_OUT,130.86,C11,2223.21,2092.34,C3,11.98,142.85,0,0
56,PAYMENT,142.85,C3,142.85,0.0,C21,3660.9,3803.75,0,0
56,CASH_OUT,137.26,C14,5118.02,4980.76,C9,282.78,420.04,0,0
56,TRANSFER,14.77,C41,5006.3,4991.53,C2,0.0,14.77,0,0
57,TRANSFER,95.05,C7,1030.33,935.28,C1,909.35,1004.39,0,0
57,TRANSFER,32.77,C41,4991.53,4958.76,C6,1267.23,1300.0,0,0
57,PAYMENT,68.01,C42,3118.07,3050.05,C34,4832.38,4900.39,0,0
57,CASH_OUT,251.45,C50,5755.97,5504.51,C6,1300.0,1551.45,0,0
57,CASH_OUT,191.75,C39,209.19,17.44,C40,7421.42,7613.17,0,0
57,CASH_IN,151.1,C32,5271.14,5120.04,C3,0.0,151.1,0,0
57,DEBIT,274.65,C44,1126.2,851.55,C31,778.89,1053.54,0,0
57,DEBIT,278.87,C49,2007.29,1728.42,C19,1355.1,1633.97,0,0
57,PAYMENT,17.44,C39,17.44,0.0,C31,1053.54,1070.98,0,0
57,TRANSFER,257.33,C7,935.28,677.95,C2,14.77,272.1,0,0
57,PAYMENT,31.91,C16,707.58,675.66,C49,1728.42,1760.34,0,0
57,PAYMENT,151.1,C3,151.1,0.0,C25,3469.28,3620.39,0,0
57,CASH_OUT,95.79,C7,677.95,582.16,C12,3824.59,3920.38,0,0
57,PAYMENT,137.05,C19,1633.97,1496.92,C27,3796.62,3933.66,0,0
57,PAYMENT,43.92,C45,43.92,0.0,C7,582.16,626.08,0,0
57,PAYMENT,582.93,C6,1551.45,968.53,C26,5770.57,6353.49,0,0
57,CASH_OUT,24.97,C21,3803.75,3778.78,C46,2399.78,2424.75,0,0
57,PAYMENT,142.38,C20,2737.49,2595.11,C5,1162.98,1305.36,0,0
57,PAYMENT,8.21,C8,2494.05,2485.84,C47,4069.44,4077.65,0,0
57,CASH_OUT,23.05,C12,3920.38,3897.33,C24,17450.21,17473.26,0,0
58,CASH_IN,74.54,C23,2967.57,2893.03,C34,4900.39,4974.93,0,0
58,CASH_OUT,99.66,C2,272.1,172.44,C33,352.32,451.99,0,0
58,CASH_IN,37.41,C6,968.53,931.12,C5,1305.36,1342.77,0,0
58,DEBIT,79.88,C31,1070.98,991.1,C23,2893.03,2972.91,0,0
58,PAYMENT,438.45,C32,5120.04,4681.59,C15,5703.55,6142.0,0,0
58,CASH_IN,79.31,C22,0.0,0.0,C24,17473.26,17552.57,0,0
58,TRANSFER,6576.07,C43,3561.4,0.0,C22,0.0,6576.07,1,0
58,PAYMENT,21.78,C22,6576.07,6554.29,C27,3933.66,3955.44,0,0
58,CASH_OUT,176.24,C10,9281.6,9105.36,C35,1221.88,1398.12,0,0
58,PAYMENT,198.02,C50,5504.51,5306.49,C25,3620.39,3818.41,0,0
58,PAYMENT,58.58,C40,7613.17,7554.59,C17,4302.68,4361.25,0,0
58,CASH_IN,39.78,C35,1398.12,1358.34,C33,451.99,491.76,0,0
58,PAYMENT,267.07,C15,6142.0,5874.94,C22,6554.29,6821.35,0,0
58,CASH_OUT,978.83,C42,3050.05,2071.22,C1,1004.39,1983.23,0,0
58,PAYMENT,368.38,C9,420.04,51.66,C29,3942.42,4310.79,0,0
58,DEBIT,7.07,C38,6133.28,6126.21,C5,1342.77,1349.84,0,0
58,DEBIT,124.73,C27,3955.44,3830.71,C4,4764.81,4889.54,0,0
58,PAYMENT,362.76,C46,2424.75,2061.99,C26,6353.49,6716.25,0,0
58,PAYMENT,19.76,C28,1339.56,1319.81,C12,3897.33,3917.08,0,0
58,CASH_OUT,115.7,C45,0.0,0.0,C3,0.0,115.7,0,0
59,CASH_OUT,48.21,C8,2485.84,2437.63,C48,0.0,48.21,0,0
59,TRANSFER,135.79,C19,1496.92,1361.14,C11,2092.34,2228.13,0,0
59,PAYMENT,70.21,C8,2437.63,2367.41,C39,0.0,70.21,0,0
59,CASH_OUT,232.09,C20,2595.11,2363.02,C33,491.76,723.85,0,0
59,TRANSFER,11.94,C48,48.21,36.27,C45,0.0,11.94,0,0
59,PAYMENT,193.14,C24,17552.57,17359.42,C45,11.94,205.09,0,0
59,PAYMENT,710.89,C47,4077.65,3366.76,C39,70.21,781.1,0,0
59,PAYMENT,74.26,C50,5306.49,5232.23,C29,4310.79,4385.05,0,0
59,CASH_IN,44.84,C28,1319.81,1274.97,C16,675.66,720.5,0,0
59,CASH_OUT,27.85,C30,0.0,0.0,C42,2071.22,2099.07,0,0
59,PAYMENT,75.63,C36,294.43,218.8,C29,4385.05,4460.68,0,0
59,CASH_IN,273.98,C26,6716.25,6442.27,C19,1361.14,1635.12,0,0
59,PAYMENT,25.04,C9,51.66,26.62,C42,2099.07,2124.11,0,0
59,PAYMENT,99.16,C49,1760.34,1661.18,C16,720.5,819.66,0,0
59,CASH_IN,33.63,C13,2259.14,2225.51,C23,2972.91,3006.54,0,0
59,CASH_IN,13.57,C7,626.08,612.51,C4,4889.54,4903.11,0,0
59,CASH_OUT,7004.44,C13,2225.51,0.0,C9,26.62,7031.06,1,0
59,CASH_IN,48.65,C7,612.51,563.86,C13,0.0,48.65,0,0
59,DEBIT,218.34,C36,218.8,0.46,C12,3917.08,4135.42,0,0
59,CASH_IN,25.83,C3,115.7,89.87,C47,3366.76,3392.6,0,0
60,PAYMENT,205.09,C45,205.09,0.0,C5,1349.84,1554.93,0,0
60,TRANSFER,251.39,C22,6821.35,6569.97,C30,0.0,251.39,0,0
60,CASH_OUT,26.88,C48,36.27,9.39,C3,89.87,116.75,0,0
60,CASH_OUT,102.98,C4,4903.11,4800.13,C12,4135.42,4238.41,0,0
60,CASH_IN,205.04,C9,7031.06,6826.02,C20,2363.02,2568.07,0,0
60,CASH_IN,10.46,C44,851.55,841.08,C40,7554.59,7565.05,0,0
60,DEBIT,49.86,C39,781.1,731.25,C25,3818.41,3868.27,0,0
60,CASH_OUT,102.44,C6,931.12,828.68,C35,1358.34,1460.79,0,0
60,CASH_OUT,97.02,C22,6569.97,6472.95,C28,1274.97,1371.99,0,0
60,TRANSFER,42.1,C6,828.68,786.57,C24,17359.42,17401.52,0,0
60,PAYMENT,9.39,C48,9.39,0.0,C26,6442.27,6451.66,0,0
60,DEBIT,3.24,C28,1371.99,1368.75,C22,6472.95,6476.19,0,0
60,CASH_IN,166.55,C48,0.0,0.0,C26,6451.66,6618.21,0,0
60,PAYMENT,12.21,C30,251.39,239.18,C46,2061.99,2074.2,0,0
60,CASH_IN,553.74,C40,7565.05,7011.31,C49,1661.18,2214.92,0,0
60,CASH_OUT,108.99,C44,841.08,732.1,C21,3778.78,3887.76,0,0
60,PAYMENT,60.99,C35,1460.79,1399.79,C22,6476.19,6537.18,0,0
60,CASH_OUT,153.15,C1,1983.23,1830.08,C47,3392.6,3545.74,0,0
60,CASH_OUT,497.21,C19,1635.12,1137.91,C11,2228.13,2725.34,0,0
60,TRANSFER,189.78,C35,1399.79,1210.01,C14,4980.76,5170.54,0,0
61,PAYMENT,345.1,C11,2725.34,2380.24,C31,991.1,1336.21,0,0
61,PAYMENT,62.68,C46,2074.2,2011.52,C43,0.0,62.68,0,0
61,CASH_IN,417.74,C45,0.0,0.0,C14,5170.54,5588.28,0,0
61,TRANSFER,78.49,C31,1336.21,1257.71,C4,4800.13,4878.62,0,0
61,PAYMENT,118.8,C37,3861.46,3742.66,C22,6537.18,6655.98,0,0
61,CASH_IN,62.68,C43,62.68,0.0,C6,786.57,849.25,0,0
61,CASH_OUT,337.99,C33,723.85,385.86,C26,6618.21,6956.2,0,0
61,CASH_IN,679.36,C26,6956.2,6276.84,C40,7011.31,7690.67,0,0
61,PAYMENT,118.7,C31,1257.71,1139.01,C14,5588.28,5706.98,0,0
61,TRANSFER,519.28,C34,4974.93,4455.66,C46,2011.52,2530.8,0,0
61,PAYMENT,37.2,C19,1137.91,1100.71,C3,116.75,153.95,0,0
61,TRANSFER,126.76,C34,4455.66,4328.9,C27,3830.71,3957.47,0,0
61,CASH_OUT,238.28,C49,2214.92,1976.64,C41,4958.76,5197.04,0,0
61,CASH_OUT,599.07,C5,1554.93,955.85,C26,6276.84,6875.91,0,0
61,CASH_OUT,25.96,C7,563.86,537.9,C25,3868.27,3894.23,0,0
61,CASH_IN,292.86,C5,955.85,662.99,C50,5232.23,5525.09,0,0
61,PAYMENT,66.17,C39,731.25,665.08,C16,819.66,885.83,0,0
61,TRANSFER,18.35,C30,239.18,220.83,C22,6655.98,6674.33,0,0
61,PAYMENT,31.74,C44,732.1,700.36,C12,4238.41,4270.15,0,0
61,CASH_OUT,197.5,C44,700.36,502.86,C37,3742.66,3940.16,0,0
62,CASH_IN,279.78,C29,4460.68,4180.9,C5,662.99,942.77,0,0
62,CASH_IN,97.49,C26,6875.91,6778.42,C33,385.86,483.36,0,0
62,PAYMENT,281.37,C16,885.83,604.46,C32,4681.59,4962.96,0,0
62,TRANSFER,55.86,C47,3545.74,3489.88,C29,4180.9,4236.77,0,0
62,DEBIT,19.87,C26,6778.42,6758.55,C27,3957.47,3977.34,0,0
62,PAYMENT,69.03,C22,6674.33,6605.3,C44,502.86,571.89,0,0
62,PAYMENT,194.1,C25,3894.23,3700.13,C16,604.46,798.56,0,0
62,CASH_IN,166.7,C21,3887.76,3721.06,C17,4361.25,4527.95,0,0
62,CASH_IN,142.04,C37,3940.16,3798.12,C32,4962.96,5105.0,0,0
62,CASH_OUT,110.19,C20,2568.07,2457.88,C28,1368.75,1478.93,0,0
62,CASH_IN,251.38,C27,3977.34,3725.96,C42,2124.11,2375.49,0,0
62,CASH_IN,174.15,C38,6126.21,5952.06,C40,7690.67,7864.82,0,0
62,CASH_OUT,11.72,C38,5952.06,5940.34,C2,172.44,184.16,0,0
62,PAYMENT,181.8,C1,1830.08,1648.28,C16,798.56,980.36,0,0
62,PAYMENT,231.33,C47,3489.88,3258.55,C2,184.16,415.49,0,0
62,CASH_OUT,0.46,C36,0.46,0.0,C49,1976.64,1977.09,0,0
62,PAYMENT,134.17,C31,1139.01,1004.84,C38,5940.34,6074.51,0,0
62,CASH_OUT,76.34,C49,1977.09,1900.75,C21,3721.06,3797.4,0,0
62,PAYMENT,9.38,C30,220.83,211.45,C26,6758.55,6767.93,0,0
62,CASH_OUT,16.16,C5,942.77,926.61,C17,4527.95,4544.11,0,0
63,CASH_OUT,80.9,C3,153.95,73.05,C49,1900.75,1981.65,0,0
63,PAYMENT,10.31,C32,5105.0,5094.7,C16,980.36,990.66,0,0
63,DEBIT,186.85,C47,3258.55,3071.7,C4,4878.62,5065.47,0,0
63,DEBIT,332.63,C19,1100.71,768.08,C44,571.89,904.52,0,0
63,CASH_IN,68.68,C30,211.45,142.77,C49,1981.65,2050.33,0,0
63,PAYMENT,88.53,C25,3700.13,3611.59,C29,4236.77,4325.3,0,0
63,PAYMENT,481.16,C49,2050.33,1569.17,C14,5706.98,6188.14,0,0
63,CASH_IN,21.98,C3,73.05,51.07,C24,17401.52,17423.51,0,0
63,CASH_OUT,107.62,C17,4544.11,4436.49,C23,3006.54,3114.16,0,0
63,PAYMENT,58.22,C9,6826.02,6767.8,C19,768.08,826.3,0,0
63,PAYMENT,30.67,C50,5525.09,5494.43,C44,904.52,935.19,0,0
63,CASH_OUT,5.79,C35,1210.01,1204.22,C36,0.0,5.79,0,0
63,PAYMENT,342.73,C27,3725.96,3383.23,C20,2457.88,2800.61,0,0
63,CASH_IN,131.27,C6,849.25,717.98,C26,6767.93,6899.2,0,0
63,CASH_IN,92.62,C46,2530.8,2438.18,C45,0.0,92.62,0,0
63,TRANSFER,186.46,C10,9105.36,8918.91,C21,3797.4,3983.86,0,0
63,PAYMENT,244.9,C4,5065.47,4820.57,C17,4436.49,4681.39,0,0
63,CASH_IN,280.59,C43,0.0,0.0,C41,5197.04,5477.64,0,0
63,PAYMENT,288.2,C26,6899.2,6610.99,C47,3071.7,3359.91,0,0
63,CASH_OUT,65.07,C40,7864.82,7799.75,C35,1204.22,1269.29,0,0
64,CASH_OUT,340.75,C25,3611.59,3270.84,C13,48.65,389.4,0,0
64,PAYMENT,65.8,C46,2438.18,2372.38,C8,2367.41,2433.21,0,0
64,DEBIT,163.07,C27,3383.23,3220.16,C18,2964.34,3127.41,0,0
64,PAYMENT,14.03,C10,8918.91,8904.88,C18,3127.41,3141.44,0,0
64,PAYMENT,160.84,C25,3270.84,3110.0,C18,3141.44,3302.28,0,0
64,CASH_IN,23.41,C33,483.36,459.95,C12,4270.15,4293.55,0,0
64,CASH_IN,29.41,C24,17423.51,17394.09,C35,1269.29,1298.7,0,0
64,CASH_OUT,302.71,C26,6610.99,6308.29,C27,3220.16,3522.87,0,0
64,CASH_OUT,30.53,C40,7799.75,7769.22,C5,926.61,957.14,0,0
64,CASH_IN,51.07,C3,51.07,0.0,C28,1478.93,1530.0,0,0
64,CASH_IN,123.05,C11,2380.24,2257.18,C20,2800.61,2923.66,0,0
64,CASH_IN,136.17,C32,5094.7,4958.53,C17,4681.39,4817.56,0,0
64,PAYMENT,210.39,C33,459.95,249.56,C37,3798.12,4008.5,0,0
64,CASH_IN,28.71,C19,826.3,797.59,C48,0.0,28.71,0,0
64,PAYMENT,4.23,C36,5.79,1.56,C24,17394.09,17398.32,0,0
64,PAYMENT,425.54,C42,2375.49,1949.95,C33,249.56,675.1,0,0
64,PAYMENT,32.12,C27,3522.87,3490.75,C4,4820.57,4852.69,0,0
64,CASH_OUT,40.53,C47,3359.91,3319.38,C8,2433.21,2473.74,0,0
64,PAYMENT,3.52,C20,2923.66,2920.14,C46,2372.38,2375.89,0,0
64,PAYMENT,318.81,C31,1004.84,686.03,C45,92.62,411.43,0,0
65,PAYMENT,32.06,C40,7769.22,7737.15,C45,411.43,443.5,0,0
65,PAYMENT,3.56,C48,28.71,25.15,C40,7737.15,7740.71,0,0
65,CASH_OUT,173.81,C11,2257.18,2083.38,C8,2473.74,2647.55,0,0
65,CASH_OUT,309.34,C8,2647.55,2338.21,C41,5477.64,5786.97,0,0
65,PAYMENT,451.12,C23,3114.16,2663.04,C41,5786.97,6238.1,0,0
65,TRANSFER,36.74,C29,4325.3,4288.56,C45,443.5,480.24,0,0
65,PAYMENT,263.02,C10,8904.88,8641.86,C18,3302.28,3565.3,0,0
65,CASH_IN,103.51,C1,1648.28,1544.77,C25,3110.0,3213.51,0,0
65,TRANSFER,3590.06,C37,4008.5,418.45,C30,142.77,3732.83,1,0
65,CASH_OUT,45.98,C44,935.19,889.21,C27,3490.75,3536.74,0,0
65,PAYMENT,58.9,C8,2338.21,2279.31,C26,6308.29,6367.18,0,0
65,CASH_IN,80.72,C47,3319.38,3238.66,C50,5494.43,5575.14,0,0
65,CASH_OUT,187.2,C37,418.45,231.25,C50,5575.14,5762.34,0,0
65,CASH_OUT,525.69,C21,3983.86,3458.17,C16,990.66,1516.35,0,0
65,CASH_IN,263.12,C29,4288.56,4025.44,C7,537.9,801.02,0,0
65,PAYMENT,254.38,C6,717.98,463.6,C39,665.08,919.46,0,0
65,CASH_OUT,276.06,C41,6238.1,5962.03,C42,1949.95,2226.01,0,0
65,CASH_OUT,263.18,C30,3732.83,3469.65,C34,4328.9,4592.08,0,0
65,CASH_OUT,189.74,C40,7740.71,7550.97,C18,3565.3,3755.04,0,0
65,CASH_OUT,138.98,C6,463.6,324.62,C42,2226.01,2364.99,0,0
66,PAYMENT,1.56,C36,1.56,0.0,C2,415.49,417.05,0,0
66,CASH_IN,14.21,C10,8641.86,8627.64,C38,6074.51,6088.72,0,0
66,PAYMENT,46.55,C39,919.46,872.9,C24,17398.32,17444.88,0,0
66,CASH_IN,405.88,C1,1544.77,1138.89,C7,801.02,1206.89,0,0
66,CASH_IN,384.24,C49,1569.17,1184.93,C11,2083.38,2467.62,0,0
66,PAYMENT,292.34,C33,675.1,382.77,C46,2375.89,2668.23,0,0
66,PAYMENT,344.25,C34,4592.08,4247.83,C10,8627.64,8971.89,0,0
66,TRANSFER,90.1,C36,0.0,0.0,C8,2279.31,2369.41,0,0
66,PAYMENT,227.46,C21,3458.17,3230.71,C32,4958.53,5185.99,0,0
66,CASH_OUT,18.5,C31,686.03,667.53,C23,2663.04,2681.53,0,0
66,TRANSFER,366.97,C33,382.77,15.8,C24,17444.88,17811.85,0,0
66,TRANSFER,331.36,C5,957.14,625.78,C29,4025.44,4356.8,0,0
66,CASH_OUT,15.8,C33,15.8,0.0,C2,417.05,432.84,0,0
66,CASH_OUT,572.24,C7,1206.89,634.65,C33,0.0,572.24,0,0
66,CASH_OUT,61.13,C15,5874.94,5813.81,C23,2681.53,2742.66,0,0
66,CASH_OUT,111.34,C1,1138.89,1027.56,C32,5185.99,5297.32,0,0
66,TRANSFER,314.99,C27,3536.74,3221.74,C34,4247.83,4562.83,0,0
66,DEBIT,13.58,C33,572.24,558.66,C3,0.0,13.58,0,0
66,CASH_OUT,116.76,C30,3469.65,3352.89,C3,13.58,130.33,0,0
66,CASH_OUT,75.63,C6,324.62,248.99,C18,3755.04,3830.67,0,0
67,CASH_IN,53.89,C32,5297.32,5243.44,C30,3352.89,3406.78,0,0
67,CASH_IN,61.64,C4,4852.69,4791.04,C43,0.0,61.64,0,0
67,CASH_IN,61.64,C43,61.64,0.0,C24,17811.85,17873.49,0,0
67,CASH_IN,115.68,C50,5762.34,5646.66,C47,3238.66,3354.34,0,0
67,CASH_OUT,54.53,C9,6767.8,6713.26,C42,2364.99,2419.52,0,0
67,TRANSFER,113.86,C17,4817.56,4703.7,C26,6367.18,6481.05,0,0
67,DEBIT,206.41,C23,2742.66,2536.25,C2,432.84,639.25,0,0
67,CASH_IN,101.63,C50,5646.66,5545.03,C8,2369.41,2471.05,0,0
67,CASH_IN,120.28,C44,889.21,768.93,C33,558.66,678.94,0,0
67,TRANSFER,21.51,C7,634.65,613.14,C1,1027.56,1049.07,0,0
67,PAYMENT,573.66,C25,3213.51,2639.86,C14,6188.14,6761.8,0,0
67,CASH_IN,253.83,C50,5545.03,5291.19,C9,6713.26,6967.1,0,0
67,CASH_IN,115.08,C42,2419.52,2304.44,C48,25.15,140.23,0,0
67,CASH_IN,13.16,C25,2639.86,2626.7,C19,797.59,810.75,0,0
67,TRANSFER,142.95,C42,2304.44,2161.49,C17,4703.7,4846.65,0,0
67,TRANSFER,188.54,C18,3830.67,3642.12,C22,6605.3,6793.84,0,0
67,CASH_IN,109.62,C41,5962.03,5852.42,C37,231.25,340.86,0,0
67,CASH_OUT,4.83,C45,480.24,475.41,C8,2471.05,2475.88,0,0
67,CASH_OUT,449.94,C28,1530.0,1080.06,C31,667.53,1117.47,0,0
67,CASH_OUT,130.33,C3,130.33,0.0,C18,3642.12,3772.46,0,0
68,CASH_IN,96.07,C27,3221.74,3125.67,C3,0.0,96.07,0,0
68,PAYMENT,274.57,C42,2161.49,1886.92,C35,1298.7,1573.27,0,0
68,PAYMENT,20.36,C10,8971.89,8951.53,C1,1049.07,1069.43,0,0
68,CASH_IN,424.92,C12,4293.55,3868.63,C2,639.25,1064.18,0,0
68,PAYMENT,1.37,C29,4356.8,4355.43,C20,2920.14,2921.51,0,0
68,CASH_OUT,5.78,C33,678.94,673.16,C5,625.78,631.56,0,0
68,TRANSFER,340.86,C37,340.86,0.0,C5,631.56,972.43,0,0
68,PAYMENT,164.26,C29,4355.43,4191.18,C35,1573.27,1737.53,0,0
68,CASH_OUT,33.68,C37,0.0,0.0,C26,6481.05,6514.73,0,0
68,PAYMENT,298.73,C40,7550.97,7252.24,C22,6793.84,7092.58,0,0
68,PAYMENT,109.14,C27,3125.67,3016.54,C30,3406.78,3515.91,0,0
68,PAYMENT,681.77,C41,5852.42,5170.64,C18,3772.46,4454.23,0,0
68,CASH_OUT,140.23,C48,140.23,0.0,C18,4454.23,4594.45,0,0
68,CASH_OUT,189.06,C34,4562.83,4373.77,C44,768.93,957.99,0,0
68,PAYMENT,8.89,C39,872.9,864.02,C25,2626.7,2635.58,0,0
68,PAYMENT,111.7,C40,7252.24,7140.54,C31,1117.47,1229.17,0,0
68,CASH_IN,217.47,C22,7092.58,6875.11,C27,3016.54,3234.0,0,0
68,CASH_OUT,345.9,C38,6088.72,5742.82,C32,5243.44,5589.34,0,0
68,TRANSFER,122.52,C45,475.41,352.89,C20,2921.51,3044.04,0,0
68,PAYMENT,594.29,C49,1184.93,590.64,C9,6967.1,7561.39,0,0
69,DEBIT,176.47,C15,5813.81,5637.34,C44,957.99,1134.46,0,0
69,PAYMENT,199.21,C26,6514.73,6315.52,C35,1737.53,1936.73,0,0
69,CASH_OUT,21.16,C16,1516.35,1495.19,C29,4191.18,4212.34,0,0
69,CASH_OUT,44.48,C24,17873.49,17829.01,C28,1080.06,1124.55,0,0
69,DEBIT,78.86,C2,1064.18,985.32,C10,8951.53,9030.38,0,0
69,TRANSFER,364.09,C12,3868.63,3504.54,C17,4846.65,5210.73,0,0
69,PAYMENT,60.35,C23,2536.25,2475.9,C33,673.16,733.51,0,0
69,PAYMENT,665.67,C10,9030.38,8364.72,C16,1495.19,2160.85,0,0
69,CASH_IN,12.92,C22,6875.11,6862.19,C49,590.64,603.56,0,0
69,CASH_OUT,23.69,C10,8364.72,8341.03,C50,5291.19,5314.88,0,0
69,CASH_IN,55.49,C4,4791.04,4735.56,C1,1069.43,1124.92,0,0
69,PAYMENT,96.07,C3,96.07,0.0,C16,2160.85,2256.92,0,0
69,TRANSFER,71.87,C29,4212.34,4140.47,C32,5589.34,5661.21,0,0
69,CASH_OUT,2.9,C34,4373.77,4370.86,C6,248.99,251.9,0,0
69,CASH_IN,33.71,C16,2256.92,2223.22,C14,6761.8,6795.5,0,0
69,CASH_IN,26.47,C38,5742.82,5716.36,C25,2635.58,2662.05,0,0
69,CASH_IN,125.89,C13,389.4,263.51,C49,603.56,729.45,0,0
69,CASH_IN,25.34,C28,1124.55,1099.21,C31,1229.17,1254.51,0,0
69,CASH_OUT,143.49,C45,352.89,209.4,C14,6795.5,6938.99,0,0
69,CASH_IN,131.65,C24,17829.01,17697.35,C14,6938.99,7070.64,0,0
70,CASH_OUT,116.44,C22,6862.19,6745.75,C33,733.51,849.95,0,0
70,CASH_OUT,3.72,C30,3515.91,3512.2,C16,2223.22,2226.93,0,0
70,PAYMENT,57.72,C16,2226.93,2169.22,C32,5661.21,5718.92,0,0
70,PAYMENT,286.86,C47,3354.34,3067.48,C28,1099.21,1386.07,0,0
70,PAYMENT,100.02,C50,5314.88,5214.87,C46,2668.23,2768.24,0,0
70,CASH_IN,220.87,C50,5214.87,4994.0,C10,8341.03,8561.9,0,0
70,TRANSFER,221.66,C37,0.0,0.0,C2,985.32,1206.98,0,0
70,TRANSFER,133.13,C9,7561.39,7428.26,C48,0.0,133.13,0,0
70,CASH_IN,116.48,C10,8561.9,8445.42,C35,1936.73,2053.22,0,0
70,PAYMENT,15.99,C13,263.51,247.52,C18,4594.45,4610.44,0,0
70,PAYMENT,613.14,C7,613.14,0.0,C40,7140.54,7753.68,0,0
70,PAYMENT,188.29,C20,3044.04,2855.75,C42,1886.92,2075.21,0,0
70,CASH_IN,23.29,C39,864.02,840.73,C38,5716.36,5739.64,0,0
70,CASH_IN,70.21,C49,729.45,659.24,C33,849.95,920.16,0,0
70,PAYMENT,116.16,C21,3230.71,3114.55,C2,1206.98,1323.14,0,0
70,TRANSFER,73.77,C11,2467.62,2393.85,C1,1124.92,1198.69,0,0
70,CASH_OUT,491.11,C29,4140.47,3649.36,C9,7428.26,7919.37,0,0
70,CASH_IN,53.46,C46,2768.24,2714.78,C32,5718.92,5772.39,0,0
70,DEBIT,199.17,C6,251.9,52.73,C37,0.0,199.17,0,0
70,CASH_OUT,438.15,C42,2075.21,1637.06,C38,5739.64,6177.8,0,0
71,CASH_OUT,89.86,C1,1198.69,1108.83,C34,4370.86,4460.72,0,0
71,CASH_IN,103.5,C14,7070.64,6967.14,C38,6177.8,6281.3,0,0
71,CASH_OUT,43.42,C13,247.52,204.1,C19,810.75,854.17,0,0
71,CASH_IN,22.64,C15,5637.34,5614.7,C19,854.17,876.8,0,0
71,DEBIT,300.84,C4,4735.56,4434.72,C44,1134.46,1435.3,0,0
71,CASH_OUT,172.06,C36,0.0,0.0,C35,2053.22,2225.28,0,0
71,TRANSFER,19.13,C2,1323.14,1304.01,C27,3234.0,3253.13,0,0
71,DEBIT,55.55,C16,2169.22,2113.67,C38,6281.3,6336.85,0,0
71,CASH_OUT,334.69,C12,3504.54,3169.86,C29,3649.36,3984.05,0,0
71,TRANSFER,80.5,C41,5170.64,5090.15,C1,1108.83,1189.32,0,0
71,CASH_IN,28.54,C29,3984.05,3955.51,C39,840.73,869.27,0,0
71,CASH_OUT,35.28,C1,1189.32,1154.04,C48,133.13,168.41,0,0
71,PAYMENT,80.06,C37,199.17,119.11,C6,52.73,132.79,0,0
71,PAYMENT,106.1,C17,5210.73,5104.64,C14,6967.14,7073.23,0,0
71,CASH_IN,346.22,C38,6336.85,5990.62,C31,1254.51,1600.74,0,0
71,PAYMENT,115.49,C41,5090.15,4974.66,C14,7073.23,7188.72,0,0
71,DEBIT,11.45,C46,2714.78,2703.34,C9,7919.37,7930.81,0,0
71,TRANSFER,130.78,C34,4460.72,4329.94,C47,3067.48,3198.26,0,0
71,DEBIT,5.23,C9,7930.81,7925.59,C22,6745.75,6750.98,0,0
71,CASH_IN,113.23,C18,4610.44,4497.22,C2,1304.01,1417.24,0,0
72,PAYMENT,4.38,C20,2855.75,2851.37,C50,4994.0,4998.38,0,0
72,CASH_OUT,671.73,C22,6750.98,6079.25,C27,3253.13,3924.86,0,0
72,CASH_IN,508.94,C32,5772.39,5263.45,C43,0.0,508.94,0,0
72,CASH_OUT,17.12,C37,119.11,102.0,C6,132.79,149.9,0,0
72,PAYMENT,28.14,C29,3955.51,3927.38,C34,4329.94,4358.08,0,0
72,CASH_IN,465.83,C20,2851.37,2385.54,C48,168.41,634.24,0,0
72,DEBIT,107.64,C50,4998.38,4890.74,C28,1386.07,1493.71,0,0
72,TRANSFER,104.2,C18,4497.22,4393.01,C11,2393.85,2498.05,0,0
72,CASH_OUT,411.21,C18,4393.01,3981.8,C20,2385.54,2796.75,0,0
72,CASH_IN,3.58,C41,4974.66,4971.08,C40,7753.68,7757.25,0,0
72,CASH_IN,358.08,C17,5104.64,4746.56,C24,17697.35,18055.44,0,0
72,CASH_IN,104.06,C40,7757.25,7653.2,C43,508.94,612.99,0,0
72,PAYMENT,187.75,C25,2662.05,2474.3,C11,2498.05,2685.8,0,0
72,PAYMENT,204.1,C13,204.1,0.0,C21,3114.55,3318.65,0,0
72,CASH_IN,70.86,C15,5614.7,5543.84,C42,1637.06,1707.92,0,0
72,PAYMENT,3.8,C9,7925.59,7921.78,C21,3318.65,3322.46,0,0
72,CASH_OUT,69.52,C43,612.99,543.47,C24,18055.44,18124.96,0,0
72,CASH_OUT,70.9,C24,18124.96,18054.06,C39,869.27,940.17,0,0
72,CASH_OUT,74.37,C18,3981.8,3907.43,C4,4434.72,4509.09,0,0
72,PAYMENT,308.94,C49,659.24,350.3,C42,1707.92,2016.86,0,0
73,PAYMENT,290.78,C18,3907.43,3616.65,C41,4971.08,5261.85,0,0
73,PAYMENT,31.37,C8,2475.88,2444.51,C22,6079.25,6110.61,0,0
73,CASH_OUT,92.85,C45,209.4,116.55,C33,920.16,1013.01,0,0
73,CASH_OUT,7.9,C28,1493.71,1485.81,C30,3512.2,3520.09,0,0
73,CASH_OUT,148.26,C1,1154.04,1005.79,C6,149.9,298.16,0,0
73,CASH_IN,96.38,C14,7188.72,7092.34,C44,1435.3,1531.69,0,0
73,CASH_IN,68.9,C33,1013.01,944.11,C31,1600.74,1669.64,0,0
73,TRANSFER,45.25,C26,6315.52,6270.27,C33,944.11,989.36,0,0
73,DEBIT,147.77,C9,7921.78,7774.02,C49,350.3,498.07,0,0
73,PAYMENT,199.89,C43,543.47,343.58,C24,18054.06,18253.95,0,0
73,CASH_IN,142.36,C20,2796.75,2654.39,C27,3924.86,4067.22,0,0
73,CASH_IN,175.89,C10,8445.42,8269.52,C32,5263.45,5439.34,0,0
73,PAYMENT,419.67,C13,0.0,0.0,C28,1485.81,1905.48,0,0
73,CASH_IN,66.76,C34,4358.08,4291.32,C46,2703.34,2770.09,0,0
73,CASH_IN,328.72,C13,0.0,0.0,C10,8269.52,8598.24,0,0
73,TRANSFER,183.22,C20,2654.39,2471.17,C41,5261.85,5445.07,0,0
73,CASH_OUT,500.57,C3,0.0,0.0,C43,343.58,844.14,0,0
73,CASH_OUT,155.5,C11,2685.8,2530.3,C45,116.55,272.05,0,0
73,PAYMENT,270.38,C8,2444.51,2174.13,C42,2016.86,2287.24,0,0
73,PAYMENT,80.1,C41,5445.07,5364.97,C14,7092.34,7172.45,0,0
74,PAYMENT,22.0,C22,6110.61,6088.62,C48,634.24,656.23,0,0
74,PAYMENT,283.63,C39,940.17,656.54,C42,2287.24,2570.87,0,0
74,CASH_IN,261.87,C42,2570.87,2309.0,C3,0.0,261.87,0,0
74,CASH_OUT,7.44,C34,4291.32,4283.88,C38,5990.62,5998.07,0,0
74,TRANSFER,146.45,C13,0.0,0.0,C3,261.87,408.32,0,0
74,PAYMENT,727.49,C1,1005.79,278.3,C21,3322.46,4049.95,0,0
74,PAYMENT,121.06,C5,972.43,851.37,C28,1905.48,2026.53,0,0
74,CASH_IN,184.43,C36,0.0,0.0,C28,2026.53,2210.96,0,0
74,CASH_IN,67.21,C4,4509.09,4441.87,C11,2530.3,2597.52,0,0
74,CASH_OUT,136.52,C25,2474.3,2337.78,C8,2174.13,2310.65,0,0
74,CASH_IN,3.58,C12,3169.86,3166.27,C23,2475.9,2479.49,0,0
74,CASH_IN,505.24,C46,2770.09,2264.86,C10,8598.24,9103.48,0,0
74,CASH_IN,16.62,C6,298.16,281.54,C38,5998.07,6014.69,0,0
74,PAYMENT,141.33,C36,0.0,0.0,C6,281.54,422.87,0,0
74,CASH_IN,287.94,C49,498.07,210.13,C7,0.0,287.94,0,0
74,TRANSFER,55.19,C48,656.23,601.04,C27,4067.22,4122.42,0,0
74,TRANSFER,187.95,C44,1531.69,1343.73,C20,2471.17,2659.12,0,0
74,CASH_IN,75.66,C5,851.37,775.72,C19,876.8,952.46,0,0
74,TRANSFER,134.55,C5,775.72,641.17,C37,102.0,236.54,0,0
74,TRANSFER,340.02,C27,4122.42,3782.4,C13,0.0,340.02,0,0
75,PAYMENT,67.83,C36,0.0,0.0,C7,287.94,355.76,0,0
75,CASH_OUT,313.66,C8,2310.65,1996.99,C39,656.54,970.2,0,0
75,CASH_IN,115.75,C45,272.05,156.3,C46,2264.86,2380.61,0,0
75,CASH_IN,166.74,C50,4890.74,4724.01,C1,278.3,445.03,0,0
75,CASH_OUT,173.53,C30,3520.09,3346.56,C48,601.04,774.57,0,0
75,DEBIT,232.38,C23,2479.49,2247.11,C44,1343.73,1576.11,0,0
75,CASH_IN,58.02,C20,2659.12,2601.1,C34,4283.88,4341.9,0,0
75,TRANSFER,247.26,C26,6270.27,6023.01,C50,4724.01,4971.27,0,0
75,PAYMENT,176.22,C37,236.54,60.32,C1,445.03,621.26,0,0
75,TRANSFER,313.48,C7,355.76,42.29,C24,18253.95,18567.43,0,0
75,PAYMENT,227.89,C19,952.46,724.57,C1,621.26,849.15,0,0
75,CASH_OUT,472.19,C8,1996.99,1524.8,C13,340.02,812.21,0,0
75,CASH_OUT,724.57,C19,724.57,0.0,C26,6023.01,6747.58,0,0
75,TRANSFER,28.03,C48,774.57,746.54,C46,2380.61,2408.64,0,0
75,CASH_OUT,18.71,C49,210.13,191.42,C38,6014.69,6033.4,0,0
75,CASH_OUT,364.08,C25,2337.78,1973.7,C47,3198.26,3562.34,0,0
75,CASH_OUT,365.26,C9,7774.02,7408.76,C19,0.0,365.26,0,0
75,PAYMENT,310.56,C28,2210.96,1900.4,C39,970.2,1280.75,0,0
75,TRANSFER,365.26,C19,365.26,0.0,C18,3616.65,3981.91,0,0
75,CASH_IN,9.56,C14,7172.45,7162.89,C16,2113.67,2123.22,0,0
76,CASH_IN,538.14,C26,6747.58,6209.44,C13,812.21,1350.35,0,0
76,PAYMENT,62.71,C47,3562.34,3499.63,C17,4746.56,4809.27,0,0
76,TRANSFER,72.53,C30,3346.56,3274.04,C5,641.17,713.7,0,0
76,PAYMENT,118.69,C46,2408.64,2289.95,C1,849.15,967.84,0,0
76,CASH_OUT,422.87,C6,422.87,0.0,C23,2247.11,2669.97,0,0
76,PAYMENT,189.91,C11,2597.52,2407.6,C3,408.32,598.23,0,0
76,CASH_OUT,30.86,C41,5364.97,5334.11,C8,1524.8,1555.66,0,0
76,TRANSFER,162.77,C22,6088.62,5925.84,C45,156.3,319.07,0,0
76,TRANSFER,378.29,C1,967.84,589.55,C30,3274.04,3652.32,0,0
76,PAYMENT,223.62,C12,3166.27,2942.65,C42,2309.0,2532.62,0,0
76,PAYMENT,104.88,C15,5543.84,5438.96,C50,4971.27,5076.15,0,0
76,CASH_IN,268.95,C24,18567.43,18298.47,C38,6033.4,6302.35,0,0
76,TRANSFER,47.35,C20,2601.1,2553.75,C3,598.23,645.58,0,0
76,TRANSFER,92.19,C13,1350.35,1258.16,C15,5438.96,5531.15,0,0
76,CASH_IN,200.97,C36,0.0,0.0,C13,1258.16,1459.12,0,0
76,CASH_OUT,92.3,C18,3981.91,3889.61,C28,1900.4,1992.7,0,0
76,PAYMENT,1265.56,C25,1973.7,708.14,C33,989.36,2254.92,0,0
76,CASH_OUT,177.06,C2,1417.24,1240.18,C38,6302.35,6479.41,0,0
76,TRANSFER,34.73,C44,1576.11,1541.39,C22,5925.84,5960.57,0,0
76,CASH_OUT,95.51,C44,1541.39,1445.87,C3,645.58,741.1,0,0
77,TRANSFER,1.25,C7,42.29,41.04,C2,1240.18,1241.43,0,0
77,PAYMENT,91.49,C23,2669.97,2578.48,C36,0.0,91.49,0,0
77,PAYMENT,69.16,C40,7653.2,7584.03,C15,5531.15,5600.31,0,0
77,TRANSFER,286.9,C1,589.55,302.65,C48,746.54,1033.44,0,0
77,PAYMENT,85.87,C36,91.49,5.63,C11,2407.6,2493.47,0,0
77,DEBIT,64.81,C34,4341.9,4277.09,C19,0.0,64.81,0,0
77,CASH_OUT,41.04,C7,41.04,0.0,C30,3652.32,3693.36,0,0
77,CASH_IN,278.29,C2,1241.43,963.14,C10,9103.48,9381.77,0,0
77,CASH_IN,434.65,C15,5600.31,5165.66,C47,3499.63,3934.28,0,0
77,CASH_OUT,546.12,C34,4277.09,3730.97,C19,64.81,610.93,0,0
77,PAYMENT,18.7,C1,302.65,283.95,C9,7408.76,7427.46,0,0
77,CASH_IN,290.23,C48,1033.44,743.21,C9,7427.46,7717.69,0,0
77,PAYMENT,386.33,C2,963.14,576.81,C47,3934.28,4320.61,0,0
77,TRANSFER,293.54,C18,3889.61,3596.07,C30,3693.36,3986.9,0,0
77,CASH_OUT,189.57,C38,6479.41,6289.84,C48,743.21,932.79,0,0
77,PAYMENT,265.62,C39,1280.75,1015.13,C49,191.42,457.04,0,0
77,DEBIT,74.1,C47,4320.61,4246.5,C50,5076.15,5150.26,0,0
77,CASH_OUT,177.46,C35,2225.28,2047.82,C9,7717.69,7895.15,0,0
77,CASH_OUT,483.02,C28,1992.7,1509.68,C8,1555.66,2038.68,0,0
77,PAYMENT,256.06,C46,2289.95,2033.88,C12,2942.65,3198.71,0,0
78,DEBIT,176.7,C27,3782.4,3605.7,C2,576.81,753.51,0,0
78,TRANSFER,191.73,C18,3596.07,3404.34,C42,2532.62,2724.35,0,0
78,PAYMENT,82.19,C13,1459.12,1376.93,C38,6289.84,6372.03,0,0
78,CASH_OUT,282.53,C26,6209.44,5926.91,C39,1015.13,1297.66,0,0
78,CASH_IN,1.05,C24,18298.47,18297.42,C13,1376.93,1377.98,0,0
78,CASH_IN,62.97,C22,5960.57,5897.6,C49,457.04,520.01,0,0
78,CASH_OUT,256.15,C24,18297.42,18041.28,C46,2033.88,2290.03,0,0
78,CASH_OUT,568.16,C16,2123.22,1555.06,C47,4246.5,4814.66,0,0
78,CASH_OUT,31.92,C7,0.0,0.0,C4,4441.87,4473.79,0,0
78,CASH_OUT,15.12,C8,2038.68,2023.55,C24,18041.28,18056.4,0,0
78,TRANSFER,464.96,C2,753.51,288.56,C5,713.7,1178.65,0,0
78,CASH_OUT,49.84,C5,1178.65,1128.81,C6,0.0,49.84,0,0
78,DEBIT,65.45,C21,4049.95,3984.5,C12,3198.71,3264.16,0,0
78,CASH_IN,73.13,C15,5165.66,5092.53,C21,3984.5,4057.63,0,0
78,CASH_IN,288.56,C2,288.56,0.0,C16,1555.06,1843.62,0,0
78,CASH_OUT,34.44,C18,3404.34,3369.9,C7,0.0,34.44,0,0
78,PAYMENT,108.83,C16,1843.62,1734.79,C36,5.63,114.46,0,0
78,TRANSFER,77.95,C34,3730.97,3653.02,C28,1509.68,1587.63,0,0
78,CASH_IN,114.17,C4,4473.79,4359.62,C40,7584.03,7698.21,0,0
78,TRANSFER,6855.19,C47,4814.66,0.0,C36,114.46,6969.65,1,0
79,CASH_OUT,140.4,C29,3927.38,3786.97,C33,2254.92,2395.33,0,0
79,TRANSFER,6598.62,C36,6969.65,371.03,C26,5926.91,12525.52,1,0
79,PAYMENT,151.59,C36,371.03,219.44,C43,844.14,995.73,0,0
79,CASH_OUT,205.76,C40,7698.21,7492.44,C13,1377.98,1583.75,0,0
79,DEBIT,151.73,C30,3986.9,3835.16,C32,5439.34,5591.08,0,0
79,CASH_OUT,80.75,C26,12525.52,12444.77,C30,3835.16,3915.91,0,0
79,PAYMENT,34.7,C23,2578.48,2543.78,C42,2724.35,2759.05,0,0
79,CASH_OUT,109.85,C24,18056.4,17946.55,C49,520.01,629.86,0,0
79,CASH_IN,85.05,C8,2023.55,1938.5,C9,7895.15,7980.2,0,0
79,PAYMENT,197.53,C25,708.14,510.61,C48,932.79,1130.32,0,0
79,TRANSFER,1096.74,C22,5897.6,4800.87,C11,2493.47,3590.21,0,0
79,TRANSFER,214.69,C30,3915.91,3701.22,C17,4809.27,5023.96,0,0
79,CASH_IN,160.41,C40,7492.44,7332.03,C6,49.84,210.26,0,0
79,PAYMENT,13.45,C43,995.73,982.28,C41,5334.11,5347.56,0,0
79,CASH_IN,1151.14,C38,6372.03,5220.88,C5,1128.81,2279.96,0,0
79,CASH_OUT,177.06,C30,3701.22,3524.16,C46,2290.03,2467.09,0,0
79,TRANSFER,184.13,C45,319.07,134.95,C38,5220.88,5405.01,0,0
79,CASH_IN,159.35,C26,12444.77,12285.43,C34,3653.02,3812.37,0,0
79,PAYMENT,210.26,C6,210.26,0.0,C8,1938.5,2148.76,0,0
79,CASH_OUT,127.37,C6,0.0,0.0,C18,3369.9,3497.27,0,0
80,PAYMENT,9.55,C38,5405.01,5395.46,C2,0.0,9.55,0,0
80,PAYMENT,12.11,C24,17946.55,17934.43,C10,9381.77,9393.88,0,0
80,CASH_OUT,48.91,C23,2543.78,2494.87,C11,3590.21,3639.12,0,0
80,DEBIT,103.21,C42,2759.05,2655.84,C17,5023.96,5127.16,0,0
80,PAYMENT,8.19,C8,2148.76,2140.57,C20,2553.75,2561.93,0,0
80,CASH_OUT,205.15,C50,5150.26,4945.11,C39,1297.66,1502.81,0,0
80,DEBIT,295.63,C39,1502.81,1207.18,C48,1130.32,1425.94,0,0
80,PAYMENT,39.82,C49,629.86,590.04,C17,5127.16,5166.99,0,0
80,PAYMENT,45.88,C38,5395.46,5349.57,C21,4057.63,4103.51,0,0
80,PAYMENT,63.98,C11,3639.12,3575.14,C19,610.93,674.91,0,0
80,CASH_OUT,73.09,C11,3575.14,3502.06,C9,7980.2,8053.29,0,0
80,TRANSFER,108.05,C42,2655.84,2547.8,C28,1587.63,1695.68,0,0
80,CASH_OUT,338.91,C20,2561.93,2223.02,C47,0.0,338.91,0,0
80,CASH_IN,156.59,C42,2547.8,2391.21,C49,590.04,746.63,0,0
80,TRANSFER,124.15,C44,1445.87,1321.72,C4,4359.62,4483.77,0,0
80,CASH_OUT,11.11,C35,2047.82,2036.71,C45,134.95,146.06,0,0
80,CASH_IN,130.56,C19,674.91,544.35,C29,3786.97,3917.53,0,0
80,DEBIT,189.89,C12,3264.16,3074.27,C20,2223.02,2412.91,0,0
80,CASH_OUT,85.18,C44,1321.72,1236.54,C13,1583.75,1668.93,0,0
80,CASH_OUT,7.49,C33,2395.33,2387.83,C50,4945.11,4952.6,0,0
81,PAYMENT,9.55,C2,9.55,0.0,C44,1236.54,1246.1,0,0
81,CASH_OUT,195.36,C3,741.1,545.74,C25,510.61,705.97,0,0
81,PAYMENT,28.23,C46,2467.09,2438.86,C22,4800.87,4829.1,0,0
81,CASH_OUT,90.94,C3,545.74,454.79,C8,2140.57,2231.52,0,0
81,DEBIT,766.72,C29,3917.53,3150.81,C12,3074.27,3840.99,0,0
81,CASH_OUT,72.07,C17,5166.99,5094.91,C27,3605.7,3677.77,0,0
81,CASH_OUT,454.86,C41,5347.56,4892.7,C33,2387.83,2842.7,0,0
81,CASH_OUT,42.1,C17,5094.91,5052.81,C20,2412.91,2455.01,0,0
81,TRANSFER,119.84,C49,746.63,626.79,C45,146.06,265.89,0,0
81,CASH_OUT,100.18,C26,12285.43,12185.25,C21,4103.51,4203.69,0,0
81,PAYMENT,60.93,C19,544.35,483.42,C1,283.95,344.88,0,0
81,CASH_OUT,80.73,C20,2455.01,2374.29,C47,338.91,419.64,0,0
81,PAYMENT,3.02,C45,265.89,262.87,C49,626.79,629.82,0,0
81,CASH_IN,309.32,C16,1734.79,1425.47,C44,1246.1,1555.42,0,0
81,CASH_IN,2.43,C48,1425.94,1423.52,C49,629.82,632.24,0,0
81,CASH_OUT,239.72,C1,344.88,105.16,C12,3840.99,4080.7,0,0
81,PAYMENT,152.93,C22,4829.1,4676.16,C23,2494.87,2647.8,0,0
81,PAYMENT,499.34,C40,7332.03,6832.69,C27,3677.77,4177.12,0,0
81,PAYMENT,4.33,C15,5092.53,5088.21,C32,5591.08,5595.41,0,0
81,CASH_IN,130.25,C14,7162.89,7032.64,C46,2438.86,2569.11,0,0
82,CASH_OUT,152.62,C6,0.0,0.0,C38,5349.57,5502.19,0,0
82,PAYMENT,196.89,C11,3502.06,3305.16,C15,5088.21,5285.1,0,0
82,CASH_IN,215.1,C28,1695.68,1480.58,C33,2842.7,3057.8,0,0
82,TRANSFER,58.02,C32,5595.41,5537.39,C25,705.97,763.99,0,0
82,CASH_OUT,92.88,C30,3524.16,3431.28,C15,5285.1,5377.98,0,0
82,PAYMENT,30.71,C22,4676.16,4645.45,C41,4892.7,4923.41,0,0
82,DEBIT,46.63,C40,6832.69,6786.06,C6,0.0,46.63,0,0
82,PAYMENT,123.92,C23,2647.8,2523.88,C22,4645.45,4769.38,0,0
82,PAYMENT,196.53,C20,2374.29,2177.75,C3,454.79,651.33,0,0
82,DEBIT,81.5,C3,651.33,569.82,C21,4203.69,4285.2,0,0
82,CASH_OUT,314.17,C41,4923.41,4609.24,C19,483.42,797.59,0,0
82,CASH_OUT,177.69,C49,632.24,454.55,C39,1207.18,1384.88,0,0
82,CASH_IN,68.56,C22,4769.38,4700.82,C41,4609.24,4677.8,0,0
82,PAYMENT,84.13,C46,2569.11,2484.99,C35,2036.71,2120.84,0,0
82,CASH_IN,80.51,C38,5502.19,5421.68,C48,1423.52,1504.03,0,0
82,PAYMENT,1.18,C5,2279.96,2278.78,C18,3497.27,3498.45,0,0
82,CASH_IN,188.29,C34,3812.37,3624.08,C41,4677.8,4866.08,0,0
82,CASH_IN,102.38,C13,1668.93,1566.55,C25,763.99,866.37,0,0
82,DEBIT,227.57,C9,8053.29,7825.72,C20,2177.75,2405.32,0,0
82,CASH_IN,161.31,C38,5421.68,5260.38,C41,4866.08,5027.39,0,0
83,TRANSFER,422.47,C49,454.55,32.08,C1,105.16,527.63,0,0
83,PAYMENT,385.27,C44,1555.42,1170.14,C21,4285.2,4670.47,0,0
83,CASH_IN,69.21,C15,5377.98,5308.78,C37,60.32,129.53,0,0
83,CASH_OUT,90.68,C16,1425.47,1334.78,C29,3150.81,3241.49,0,0
83,PAYMENT,219.44,C36,219.44,0.0,C17,5052.81,5272.25,0,0
83,CASH_IN,87.39,C16,1334.78,1247.39,C6,46.63,134.02,0,0
83,CASH_OUT,95.31,C15,5308.78,5213.47,C39,1384.88,1480.18,0,0
83,CASH_IN,86.08,C21,4670.47,4584.39,C43,982.28,1068.36,0,0
83,TRANSFER,577.37,C34,3624.08,3046.71,C22,4700.82,5278.19,0,0
83,TRANSFER,34.44,C7,34.44,0.0,C28,1480.58,1515.02,0,0
83,PAYMENT,134.02,C6,134.02,0.0,C43,1068.36,1202.38,0,0
83,PAYMENT,92.36,C45,262.87,170.5,C28,1515.02,1607.38,0,0
83,TRANSFER,15.94,C28,1607.38,1591.44,C11,3305.16,3321.11,0,0
83,PAYMENT,47.7,C17,5272.25,5224.55,C39,1480.18,1527.88,0,0
83,CASH_OUT,383.12,C1,527.63,144.51,C13,1566.55,1949.66,0,0
83,CASH_IN,325.44,C34,3046.71,2721.27,C26,12185.25,12510.69,0,0
83,PAYMENT,169.05,C8,2231.52,2062.47,C28,1591.44,1760.49,0,0
83,CASH_OUT,41.16,C22,5278.19,5237.03,C43,1202.38,1243.54,0,0
83,TRANSFER,93.68,C14,7032.64,6938.96,C30,3431.28,3524.96,0,0
83,DEBIT,226.91,C15,5213.47,4986.55,C42,2391.21,2618.12,0,0
84,CASH_IN,444.38,C27,4177.12,3732.73,C10,9393.88,9838.26,0,0
84,PAYMENT,115.87,C3,569.82,453.96,C42,2618.12,2733.99,0,0
84,CASH_OUT,287.1,C19,797.59,510.49,C32,5537.39,5824.48,0,0
84,CASH_IN,627.51,C10,9838.26,9210.75,C26,12510.69,13138.2,0,0
84,CASH_IN,177.8,C31,1669.64,1491.84,C32,5824.48,6002.28,0,0
84,PAYMENT,279.84,C44,1170.14,890.31,C25,866.37,1146.21,0,0
84,CASH_IN,187.12,C25,1146.21,959.08,C43,1243.54,1430.66,0,0
84,CASH_IN,272.2,C50,4952.6,4680.4,C47,419.64,691.84,0,0
84,CASH_IN,53.44,C17,5224.55,5171.11,C10,9210.75,9264.19,0,0
84,CASH_IN,306.34,C26,13138.2,12831.86,C18,3498.45,3804.78,0,0
84,CASH_IN,147.89,C10,9264.19,9116.31,C41,5027.39,5175.28,0,0
84,PAYMENT,165.28,C17,5171.11,5005.83,C49,32.08,197.36,0,0
84,CASH_OUT,18.46,C35,2120.84,2102.38,C4,4483.77,4502.23,0,0
84,CASH_IN,42.96,C40,6786.06,6743.1,C20,2405.32,2448.28,0,0
84,PAYMENT,146.82,C16,1247.39,1100.57,C17,5005.83,5152.66,0,0
84,PAYMENT,95.62,C20,2448.28,2352.66,C26,12831.86,12927.48,0,0
84,CASH_IN,76.6,C30,3524.96,3448.36,C47,691.84,768.44,0,0
84,CASH_OUT,173.3,C50,4680.4,4507.1,C34,2721.27,2894.57,0,0
84,CASH_OUT,145.35,C22,5237.03,5091.67,C4,4502.23,4647.59,0,0
84,CASH_IN,62.57,C31,1491.84,1429.26,C2,0.0,62.57,0,0
85,CASH_IN,84.31,C26,12927.48,12843.17,C13,1949.66,2033.98,0,0
85,CASH_OUT,360.14,C50,4507.1,4146.96,C30,3448.36,3808.51,0,0
85,CASH_OUT,129.53,C37,129.53,0.0,C19,510.49,640.02,0,0
85,CASH_IN,54.59,C15,4986.55,4931.96,C25,959.08,1013.68,0,0
85,CASH_IN,178.86,C35,2102.38,1923.52,C40,6743.1,6921.96,0,0
85,CASH_IN,15.88,C1,144.51,128.63,C11,3321.11,3336.99,0,0
85,CASH_IN,81.14,C23,2523.88,2442.75,C26,12843.17,12924.31,0,0
85,PAYMENT,431.22,C13,2033.98,1602.76,C39,1527.88,1959.1,0,0
85,CASH_OUT,117.4,C24,17934.43,17817.03,C26,12924.31,13041.71,0,0
85,CASH_IN,17.75,C17,5152.66,5134.9,C30,3808.51,3826.26,0,0
85,TRANSFER,29.42,C34,2894.57,2865.14,C37,0.0,29.42,0,0
85,DEBIT,335.75,C32,6002.28,5666.54,C23,2442.75,2778.49,0,0
85,PAYMENT,569.77,C50,4146.96,3577.19,C29,3241.49,3811.26,0,0
85,CASH_IN,4.37,C17,5134.9,5130.53,C46,2484.99,2489.36,0,0
85,CASH_IN,140.56,C29,3811.26,3670.7,C37,29.42,169.98,0,0
85,CASH_IN,145.71,C48,1504.03,1358.32,C44,890.31,1036.02,0,0
85,PAYMENT,160.87,C14,6938.96,6778.08,C27,3732.73,3893.61,0,0
85,CASH_OUT,6.49,C30,3826.26,3819.78,C2,62.57,69.06,0,0
85,TRANSFER,63.06,C25,1013.68,950.61,C15,4931.96,4995.02,0,0
85,CASH_IN,105.69,C11,3336.99,3231.3,C38,5260.38,5366.07,0,0
86,PAYMENT,11.65,C7,0.0,0.0,C32,5666.54,5678.19,0,0
86,CASH_OUT,117.96,C5,2278.78,2160.82,C25,950.61,1068.57,0,0
86,PAYMENT,285.54,C43,1430.66,1145.13,C26,13041.71,13327.25,0,0
86,CASH_OUT,25.53,C9,7825.72,7800.19,C24,17817.03,17842.56,0,0
86,PAYMENT,165.11,C25,1068.57,903.47,C22,5091.67,5256.78,0,0
86,CASH_OUT,245.9,C32,5678.19,5432.29,C50,3577.19,3823.09,0,0
86,DEBIT,296.33,C10,9116.31,8819.97,C27,3893.61,4189.94,0,0
86,CASH_OUT,94.37,C19,640.02,545.65,C14,6778.08,6872.45,0,0
86,CASH_OUT,20.26,C23,2778.49,2758.23,C2,69.06,89.32,0,0
86,PAYMENT,353.76,C12,4080.7,3726.95,C8,2062.47,2416.23,0,0
86,CASH_OUT,37.05,C26,13327.25,13290.19,C19,545.65,582.7,0,0
86,CASH_OUT,148.84,C27,4189.94,4041.1,C43,1145.13,1293.96,0,0
86,TRANSFER,2315.89,C16,1100.57,0.0,C35,1923.52,4239.41,1,0
86,CASH_OUT,71.93,C43,1293.96,1222.04,C45,170.5,242.43,0,0
86,PAYMENT,60.94,C15,4995.02,4934.08,C33,3057.8,3118.74,0,0
86,CASH_IN,155.45,C43,1222.04,1066.59,C16,0.0,155.45,0,0
86,CASH_OUT,23.58,C11,3231.3,3207.72,C10,8819.97,8843.56,0,0
86,TRANSFER,4.51,C48,1358.32,1353.81,C19,582.7,587.2,0,0
86,PAYMENT,265.53,C35,4239.41,3973.88,C16,155.45,420.98,0,0
86,CASH_IN,238.41,C47,768.44,530.03,C49,197.36,435.77,0,0
87,TRANSFER,26.8,C4,4647.59,4620.79,C36,0.0,26.8,0,0
87,TRANSFER,342.51,C43,1066.59,724.08,C50,3823.09,4165.6,0,0
87,TRANSFER,17.69,C17,5130.53,5112.84,C13,1602.76,1620.45,0,0
87,CASH_OUT,36.6,C48,1353.81,1317.21,C17,5112.84,5149.44,0,0
87,CASH_OUT,129.14,C42,2733.99,2604.85,C14,6872.45,7001.6,0,0
87,CASH_OUT,7674.25,C20,2352.66,0.0,C12,3726.95,11401.2,1,0
87,PAYMENT,43.09,C35,3973.88,3930.79,C37,169.98,213.07,0,0
87,CASH_IN,11.65,C11,3207.72,3196.06,C37,213.07,224.72,0,0
87,CASH_IN,171.87,C16,420.98,249.11,C20,0.0,171.87,0,0
87,CASH_OUT,174.29,C21,4584.39,4410.1,C25,903.47,1077.76,0,0
87,CASH_OUT,888.3,C40,6921.96,6033.67,C30,3819.78,4708.07,0,0
87,CASH_IN,205.76,C17,5149.44,4943.68,C13,1620.45,1826.2,0,0
87,PAYMENT,34.4,C27,4041.1,4006.7,C40,6033.67,6068.06,0,0
87,TRANSFER,146.82,C11,3196.06,3049.24,C2,89.32,236.14,0,0
87,PAYMENT,14.29,C29,3670.7,3656.41,C24,17842.56,17856.85,0,0
87,PAYMENT,294.26,C9,7800.19,7505.93,C26,13290.19,13584.45,0,0
87,PAYMENT,133.54,C28,1760.49,1626.95,C7,0.0,133.54,0,0
87,PAYMENT,530.03,C47,530.03,0.0,C21,4410.1,4940.13,0,0
87,CASH_OUT,86.52,C45,242.43,155.91,C9,7505.93,7592.44,0,0
87,PAYMENT,25.57,C23,2758.23,2732.66,C38,5366.07,5391.64,0,0
88,PAYMENT,212.27,C14,7001.6,6789.32,C19,587.2,799.48,0,0
88,CASH_OUT,30.64,C31,1429.26,1398.63,C3,453.96,484.59,0,0
88,PAYMENT,60.65,C28,1626.95,1566.3,C8,2416.23,2476.87,0,0
88,TRANSFER,113.52,C12,11401.2,11287.67,C36,26.8,140.32,0,0
88,PAYMENT,3.82,C38,5391.64,5387.81,C50,4165.6,4169.42,0,0
88,PAYMENT,656.65,C32,5432.29,4775.64,C42,2604.85,3261.5,0,0
88,CASH_IN,94.64,C42,3261.5,3166.86,C10,8843.56,8938.2,0,0
88,PAYMENT,55.99,C1,128.63,72.65,C5,2160.82,2216.81,0,0
88,TRANSFER,118.49,C26,13584.45,13465.97,C7,133.54,252.02,0,0
88,CASH_IN,83.22,C29,3656.41,3573.19,C28,1566.3,1649.53,0,0
88,CASH_OUT,50.24,C19,799.48,749.24,C38,5387.81,5438.06,0,0
88,PAYMENT,148.01,C10,8938.2,8790.19,C49,435.77,583.78,0,0
88,TRANSFER,77.94,C31,1398.63,1320.69,C48,1317.21,1395.15,0,0
88,CASH_IN,58.37,C39,1959.1,1900.73,C2,236.14,294.51,0,0
88,CASH_OUT,364.37,C19,749.24,384.86,C44,1036.02,1400.39,0,0
88,CASH_OUT,249.11,C16,249.11,0.0,C5,2216.81,2465.92,0,0
88,PAYMENT,80.05,C44,1400.39,1320.34,C1,72.65,152.7,0,0
88,CASH_OUT,145.65,C21,4940.13,4794.48,C24,17856.85,18002.5,0,0
88,CASH_OUT,375.98,C10,8790.19,8414.21,C9,7592.44,7968.42,0,0
88,CASH_OUT,337.95,C24,18002.5,17664.56,C29,3573.19,3911.14,0,0
89,PAYMENT,387.99,C34,2865.14,2477.15,C36,140.32,528.31,0,0
89,TRANSFER,186.2,C27,4006.7,3820.51,C20,171.87,358.07,0,0
89,TRANSFER,140.97,C45,155.91,14.95,C49,583.78,724.74,0,0
89,CASH_IN,102.03,C6,0.0,0.0,C12,11287.67,11389.71,0,0
89,CASH_OUT,409.93,C41,5175.28,4765.35,C13,1826.2,2236.13,0,0
89,CASH_IN,796.76,C4,4620.79,3824.03,C32,4775.64,5572.4,0,0
89,CASH_IN,17.27,C37,224.72,207.45,C45,14.95,32.22,0,0
89,TRANSFER,43.69,C39,1900.73,1857.04,C8,2476.87,2520.57,0,0
89,CASH_OUT,136.36,C17,4943.68,4807.32,C29,3911.14,4047.5,0,0
89,PAYMENT,258.05,C47,0.0,0.0,C42,3166.86,3424.91,0,0
89,CASH_OUT,271.25,C3,484.59,213.35,C46,2489.36,2760.6,0,0
89,CASH_OUT,12.22,C36,528.31,516.09,C4,3824.03,3836.25,0,0
89,CASH_IN,166.59,C41,4765.35,4598.77,C27,3820.51,3987.09,0,0
89,PAYMENT,249.49,C49,724.74,475.25,C35,3930.79,4180.28,0,0
89,CASH_OUT,11.68,C3,213.35,201.67,C19,384.86,396.54,0,0
89,CASH_OUT,338.89,C8,2520.57,2181.67,C4,3836.25,4175.14,0,0
89,PAYMENT,314.02,C23,2732.66,2418.64,C25,1077.76,1391.78,0,0
89,CASH_OUT,170.68,C34,2477.15,2306.47,C22,5256.78,5427.46,0,0
89,CASH_OUT,317.59,C10,8414.21,8096.62,C37,207.45,525.04,0,0
89,CASH_IN,84.42,C23,2418.64,2334.21,C12,11389.71,11474.13,0,0
90,CASH_IN,197.95,C36,516.09,318.13,C46,2760.6,2958.56,0,0
90,CASH_OUT,94.92,C31,1320.69,1225.77,C2,294.51,389.43,0,0
90,DEBIT,32.22,C45,32.22,0.0,C39,1857.04,1889.26,0,0
90,CASH_OUT,254.37,C48,1395.15,1140.78,C40,6068.06,6322.43,0,0
90,TRANSFER,243.47,C37,525.04,281.57,C40,6322.43,6565.9,0,0
90,CASH_IN,65.68,C19,396.54,330.86,C8,2181.67,2247.35,0,0
90,PAYMENT,22.3,C43,724.08,701.78,C10,8096.62,8118.92,0,0
90,CASH_OUT,43.91,C16,0.0,0.0,C19,330.86,374.78,0,0
90,CASH_OUT,474.58,C14,6789.32,6314.75,C49,475.25,949.83,0,0
90,CASH_IN,170.14,C18,3804.78,3634.64,C3,201.67,371.81,0,0
90,CASH_IN,163.07,C35,4180.28,4017.21,C33,3118.74,3281.81,0,0
90,TRANSFER,99.46,C42,3424.91,3325.45,C10,8118.92,8218.38,0,0
90,CASH_OUT,533.45,C10,8218.38,7684.93,C13,2236.13,2769.58,0,0
90,PAYMENT,89.5,C9,7968.42,7878.93,C33,3281.81,3371.31,0,0
90,CASH_IN,3.59,C12,11474.13,11470.54,C8,2247.35,2250.94,0,0
90,PAYMENT,13.05,C21,4794.48,4781.43,C10,7684.93,7697.98,0,0
90,PAYMENT,202.75,C4,4175.14,3972.4,C5,2465.92,2668.67,0,0
90,CASH_IN,197.4,C40,6565.9,6368.5,C41,4598.77,4796.17,0,0
90,CASH_IN,414.61,C6,0.0,0.0,C20,358.07,772.68,0,0
90,CASH_IN,146.67,C17,4807.32,4660.65,C39,1889.26,2035.93,0,0
91,DEBIT,129.49,C17,4660.65,4531.16,C31,1225.77,1355.26,0,0
91,CASH_IN,157.26,C23,2334.21,2176.95,C42,3325.45,3482.71,0,0
91,CASH_IN,7.39,C27,3987.09,3979.71,C48,1140.78,1148.17,0,0
91,TRANSFER,62.95,C45,0.0,0.0,C16,0.0,62.95,0,0
91,PAYMENT,233.65,C40,6368.5,6134.85,C47,0.0,233.65,0,0
91,CASH_IN,103.62,C50,4169.42,4065.8,C43,701.78,805.4,0,0
91,TRANSFER,152.54,C7,252.02,99.48,C50,4065.8,4218.34,0,0
91,CASH_OUT,49.24,C43,805.4,756.16,C12,11470.54,11519.77,0,0
91,PAYMENT,25.19,C30,4708.07,4682.88,C39,2035.93,2061.12,0,0
91,CASH_OUT,76.48,C13,2769.58,2693.1,C26,13465.97,13542.45,0,0
91,CASH_IN,212.94,C26,13542.45,13329.51,C6,0.0,212.94,0,0
91,PAYMENT,13.7,C34,2306.47,2292.77,C36,318.13,331.83,0,0
91,PAYMENT,167.94,C2,389.43,221.49,C18,3634.64,3802.58,0,0
91,CASH_OUT,333.39,C38,5438.06,5104.66,C32,5572.4,5905.79,0,0
91,CASH_IN,452.46,C11,3049.24,2596.78,C49,949.83,1402.29,0,0
91,CASH_OUT,41.64,C13,2693.1,2651.46,C17,4531.16,4572.8,0,0
91,CASH_IN,141.58,C46,2958.56,2816.98,C1,152.7,294.28,0,0
91,TRANSFER,4.98,C22,5427.46,5422.48,C33,3371.31,3376.29,0,0
91,CASH_IN,189.0,C48,1148.17,959.17,C30,4682.88,4871.88,0,0
91,CASH_OUT,319.72,C8,2250.94,1931.22,C13,2651.46,2971.19,0,0
92,CASH_OUT,54.77,C41,4796.17,4741.4,C7,99.48,154.25,0,0
92,PAYMENT,57.86,C35,4017.21,3959.35,C4,3972.4,4030.25,0,0
92,CASH_OUT,261.2,C46,2816.98,2555.78,C50,4218.34,4479.54,0,0
92,PAYMENT,68.9,C36,331.83,262.93,C35,3959.35,4028.25,0,0
92,CASH_OUT,33.18,C27,3979.71,3946.53,C50,4479.54,4512.72,0,0
92,TRANSFER,3617.39,C25,1391.78,0.0,C4,4030.25,7647.65,1,0
92,CASH_OUT,0.36,C41,4741.4,4741.04,C46,2555.78,2556.14,0,0
92,TRANSFER,28.35,C35,4028.25,3999.89,C27,3946.53,3974.88,0,0
92,PAYMENT,221.49,C2,221.49,0.0,C38,5104.66,5326.15,0,0
92,CASH_IN,19.3,C22,5422.48,5403.19,C32,5905.79,5925.09,0,0
92,PAYMENT,279.46,C5,2668.67,2389.2,C20,772.68,1052.14,0,0
92,TRANSFER,29.35,C6,212.94,183.59,C34,2292.77,2322.12,0,0
92,PAYMENT,202.72,C35,3999.89,3797.17,C40,6134.85,6337.58,0,0
92,CASH_OUT,10.36,C38,5326.15,5315.8,C20,1052.14,1062.5,0,0
92,PAYMENT,179.63,C47,233.65,54.02,C46,2556.14,2735.77,0,0
92,CASH_IN,18.42,C45,0.0,0.0,C40,6337.58,6356.0,0,0
92,CASH_IN,248.39,C39,2061.12,1812.73,C42,3482.71,3731.1,0,0
92,TRANSFER,26.33,C11,2596.78,2570.45,C8,1931.22,1957.55,0,0
92,DEBIT,154.0,C33,3376.29,3222.29,C5,2389.2,2543.21,0,0
92,DEBIT,167.34,C43,756.16,588.82,C18,3802.58,3969.93,0,0
93,PAYMENT,422.11,C12,11519.77,11097.67,C8,1957.55,2379.66,0,0
93,PAYMENT,152.14,C34,2322.12,2169.98,C8,2379.66,2531.8,0,0
93,CASH_OUT,7.57,C24,17664.56,17656.99,C1,294.28,301.84,0,0
93,PAYMENT,73.75,C25,0.0,0.0,C9,7878.93,7952.67,0,0
93,PAYMENT,194.47,C4,7647.65,7453.17,C14,6314.75,6509.22,0,0
93,CASH_IN,177.41,C29,4047.5,3870.09,C15,4934.08,5111.49,0,0
93,CASH_OUT,19.73,C44,1320.34,1300.61,C14,6509.22,6528.95,0,0
93,PAYMENT,57.95,C10,7697.98,7640.03,C23,2176.95,2234.91,0,0
93,PAYMENT,7.17,C4,7453.17,7446.0,C18,3969.93,3977.1,0,0
93,CASH_IN,118.91,C37,281.57,162.66,C38,5315.8,5434.71,0,0
93,CASH_OUT,47.04,C33,3222.29,3175.25,C47,54.02,101.06,0,0
93,DEBIT,182.49,C34,2169.98,1987.49,C38,5434.71,5617.19,0,0
93,PAYMENT,372.15,C23,2234.91,1862.76,C39,1812.73,2184.88,0,0
93,CASH_OUT,71.77,C30,4871.88,4800.12,C48,959.17,1030.93,0,0
93,DEBIT,497.98,C30,4800.12,4302.13,C34,1987.49,2485.47,0,0
93,TRANSFER,99.02,C39,2184.88,2085.86,C26,13329.51,13428.54,0,0
93,CASH_OUT,54.08,C23,1862.76,1808.67,C14,6528.95,6583.04,0,0
93,PAYMENT,33.11,C6,183.59,150.48,C20,1062.5,1095.61,0,0
93,TRANSFER,213.27,C13,2971.19,2757.92,C27,3974.88,4188.15,0,0
93,PAYMENT,137.31,C21,4781.43,4644.12,C18,3977.1,4114.4,0,0
94,TRANSFER,38.71,C1,301.84,263.14,C43,588.82,627.52,0,0
94,CASH_OUT,136.59,C32,5925.09,5788.49,C21,4644.12,4780.72,0,0
94,CASH_IN,28.55,C30,4302.13,4273.58,C29,3870.09,3898.64,0,0
94,CASH_OUT,131.92,C14,6583.04,6451.11,C13,2757.92,2889.84,0,0
94,PAYMENT,280.94,C25,0.0,0.0,C33,3175.25,3456.18,0,0
94,PAYMENT,427.58,C41,4741.04,4313.46,C35,3797.17,4224.75,0,0
94,CASH_IN,130.75,C38,5617.19,5486.44,C9,7952.67,8083.43,0,0
94,CASH_OUT,708.56,C46,2735.77,2027.2,C5,2543.21,3251.77,0,0
94,TRANSFER,287.85,C12,11097.67,10809.81,C28,1649.53,1937.38,0,0
94,TRANSFER,732.13,C25,0.0,0.0,C4,7446.0,8178.13,0,0
94,CASH_OUT,128.52,C41,4313.46,4184.94,C43,627.52,756.04,0,0
94,CASH_IN,27.07,C11,2570.45,2543.38,C26,13428.54,13455.6,0,0
94,CASH_OUT,34.27,C21,4780.72,4746.44,C18,4114.4,4148.67,0,0
94,PAYMENT,201.45,C44,1300.61,1099.15,C16,62.95,264.41,0,0
94,TRANSFER,104.16,C37,162.66,58.5,C6,150.48,254.64,0,0
94,CASH_OUT,577.08,C43,756.04,178.97,C36,262.93,840.01,0,0
94,PAYMENT,339.11,C34,2485.47,2146.36,C27,4188.15,4527.26,0,0
94,PAYMENT,66.94,C15,5111.49,5044.55,C4,8178.13,8245.07,0,0
94,PAYMENT,26.69,C16,264.41,237.71,C28,1937.38,1964.07,0,0
94,PAYMENT,432.48,C34,2146.36,1713.88,C21,4746.44,5178.92,0,0
95,CASH_IN,77.78,C12,10809.81,10732.04,C25,0.0,77.78,0,0
95,DEBIT,15.03,C31,1355.26,1340.23,C28,1964.07,1979.1,0,0
95,PAYMENT,147.01,C19,374.78,227.76,C24,17656.99,17804.0,0,0
95,CASH_IN,331.84,C11,2543.38,2211.55,C17,4572.8,4904.64,0,0
95,CASH_IN,136.64,C32,5788.49,5651.86,C29,3898.64,4035.28,0,0
95,CASH_OUT,399.11,C10,7640.03,7240.92,C11,2211.55,2610.66,0,0
95,PAYMENT,51.45,C21,5178.92,5127.48,C32,5651.86,5703.3,0,0
95,CASH_OUT,331.72,C42,3731.1,3399.39,C18,4148.67,4480.39,0,0
95,TRANSFER,96.54,C10,7240.92,7144.38,C48,1030.93,1127.47,0,0
95,PAYMENT,6.25,C37,58.5,52.25,C35,4224.75,4231.0,0,0
95,TRANSFER,237.24,C31,1340.23,1102.99,C14,6451.11,6688.35,0,0
95,CASH_IN,147.65,C16,237.71,90.06,C10,7144.38,7292.03,0,0
95,PAYMENT,442.07,C41,4184.94,3742.87,C12,10732.04,11174.11,0,0
95,CASH_IN,43.6,C47,101.06,57.46,C13,2889.84,2933.44,0,0
95,TRANSFER,30.4,C47,57.46,27.05,C35,4231.0,4261.4,0,0
95,CASH_IN,263.14,C1,263.14,0.0,C2,0.0,263.14,0,0
95,TRANSFER,126.11,C45,0.0,0.0,C11,2610.66,2736.76,0,0
95,PAYMENT,238.57,C36,840.01,601.44,C41,3742.87,3981.44,0,0
95,CASH_OUT,152.08,C38,5486.44,5334.35,C15,5044.55,5196.64,0,0
95,CASH_OUT,48.95,C31,1102.99,1054.04,C40,6356.0,6404.95,0,0
96,CASH_IN,281.0,C39,2085.86,1804.86,C5,3251.77,3532.77,0,0
96,CASH_IN,318.58,C27,4527.26,4208.68,C41,3981.44,4300.02,0,0
96,CASH_OUT,21.58,C46,2027.2,2005.62,C50,4512.72,4534.3,0,0
96,CASH_IN,21.57,C15,5196.64,5175.07,C40,6404.95,6426.52,0,0
96,CASH_IN,138.44,C44,1099.15,960.71,C10,7292.03,7430.46,0,0
96,CASH_OUT,226.78,C26,13455.6,13228.82,C42,3399.39,3626.17,0,0
96,CASH_IN,159.98,C36,601.44,441.46,C28,1979.1,2139.08,0,0
96,CASH_IN,12.73,C6,254.64,241.91,C41,4300.02,4312.74,0,0
96,CASH_IN,586.62,C14,6688.35,6101.73,C30,4273.58,4860.2,0,0
96,CASH_OUT,21.34,C22,5403.19,5381.85,C18,4480.39,4501.73,0,0
96,PAYMENT,77.78,C25,77.78,0.0,C28,2139.08,2216.85,0,0
96,CASH_IN,52.25,C37,52.25,0.0,C6,241.91,294.17,0,0
96,CASH_OUT,277.65,C38,5334.35,5056.7,C42,3626.17,3903.82,0,0
96,PAYMENT,95.25,C34,1713.88,1618.63,C4,8245.07,8340.32,0,0
96,CASH_IN,27.05,C47,27.05,0.0,C19,227.76,254.82,0,0
96,DEBIT,240.77,C38,5056.7,4815.93,C45,0.0,240.77,0,0
96,CASH_OUT,179.42,C38,4815.93,4636.51,C7,154.25,333.67,0,0
96,PAYMENT,354.3,C30,4860.2,4505.9,C50,4534.3,4888.61,0,0
96,CASH_OUT,6.85,C24,17804.0,17797.15,C44,960.71,967.56,0,0
96,CASH_OUT,156.17,C2,263.14,106.96,C21,5127.48,5283.65,0,0
97,CASH_OUT,221.64,C41,4312.74,4091.11,C35,4261.4,4483.04,0,0
97,CASH_IN,443.06,C35,4483.04,4039.98,C50,4888.61,5331.66,0,0
97,TRANSFER,436.88,C26,13228.82,12791.94,C18,4501.73,4938.6,0,0
97,TRANSFER,6.59,C27,4208.68,4202.1,C42,3903.82,3910.41,0,0
97,DEBIT,342.69,C15,5175.07,4832.38,C17,4904.64,5247.32,0,0
97,CASH_IN,80.3,C9,8083.43,8003.13,C18,4938.6,5018.9,0,0
97,CASH_IN,100.81,C8,2531.8,2430.99,C24,17797.15,17897.96,0,0
97,TRANSFER,1.03,C27,4202.1,4201.07,C41,4091.11,4092.14,0,0
97,PAYMENT,93.47,C44,967.56,874.09,C13,2933.44,3026.91,0,0
97,PAYMENT,827.06,C38,4636.51,3809.46,C27,4201.07,5028.12,0,0
97,CASH_OUT,149.8,C21,5283.65,5133.85,C50,5331.66,5481.46,0,0
97,TRANSFER,417.62,C1,0.0,0.0,C39,1804.86,2222.48,0,0
97,CASH_OUT,391.22,C27,5028.12,4636.9,C20,1095.61,1486.83,0,0
97,CASH_OUT,150.55,C28,2216.85,2066.3,C26,12791.94,12942.5,0,0
97,PAYMENT,90.06,C16,90.06,0.0,C34,1618.63,1708.69,0,0
97,DEBIT,51.47,C27,4636.9,4585.44,C4,8340.32,8391.79,0,0
97,PAYMENT,437.34,C37,0.0,0.0,C15,4832.38,5269.72,0,0
97,TRANSFER,29.16,C7,333.67,304.51,C5,3532.77,3561.92,0,0
97,PAYMENT,532.52,C34,1708.69,1176.18,C31,1054.04,1586.56,0,0
97,CASH_IN,99.16,C48,1127.47,1028.32,C36,441.46,540.62,0,0
98,CASH_OUT,28.93,C8,2430.99,2402.06,C17,5247.32,5276.25,0,0
98,TRANSFER,516.27,C23,1808.67,1292.4,C16,0.0,516.27,0,0
98,DEBIT,174.76,C42,3910.41,3735.65,C43,178.97,353.72,0,0
98,PAYMENT,146.0,C43,353.72,207.73,C23,1292.4,1438.4,0,0
98,TRANSFER,222.24,C48,1028.32,806.08,C12,11174.11,11396.35,0,0
98,CASH_IN,13.21,C9,8003.13,7989.92,C41,4092.14,4105.34,0,0
98,CASH_IN,239.61,C32,5703.3,5463.7,C33,3456.18,3695.79,0,0
98,CASH_OUT,76.65,C36,540.62,463.97,C9,7989.92,8066.57,0,0
98,PAYMENT,96.52,C4,8391.79,8295.27,C34,1176.18,1272.7,0,0
98,CASH_OUT,168.71,C6,294.17,125.46,C5,3561.92,3730.63,0,0
98,TRANSFER,274.82,C34,1272.7,997.87,C23,1438.4,1713.23,0,0
98,CASH_IN,25.47,C17,5276.25,5250.78,C36,463.97,489.44,0,0
98,PAYMENT,186.71,C4,8295.27,8108.55,C43,207.73,394.44,0,0
98,CASH_OUT,60.52,C16,516.27,455.75,C24,17897.96,17958.48,0,0
98,PAYMENT,318.15,C9,8066.57,7748.42,C38,3809.46,4127.6,0,0
98,CASH_IN,348.89,C48,806.08,457.18,C11,2736.76,3085.66,0,0
98,CASH_IN,26.23,C16,455.75,429.53,C38,4127.6,4153.83,0,0
98,PAYMENT,47.54,C34,997.87,950.33,C41,4105.34,4152.89,0,0
98,PAYMENT,143.43,C47,0.0,0.0,C7,304.51,447.95,0,0
98,CASH_IN,453.5,C49,1402.29,948.79,C27,4585.44,5038.93,0,0
99,PAYMENT,44.86,C4,8108.55,8063.69,C30,4505.9,4550.76,0,0
99,CASH_IN,105.25,C7,447.95,342.7,C37,0.0,105.25,0,0
99,PAYMENT,175.73,C31,1586.56,1410.82,C46,2005.62,2181.35,0,0
99,TRANSFER,105.25,C37,105.25,0.0,C8,2402.06,2507.31,0,0
99,PAYMENT,82.48,C32,5463.7,5381.22,C21,5133.85,5216.33,0,0
99,CASH_IN,25.36,C37,0.0,0.0,C16,429.53,454.89,0,0
99,PAYMENT,129.29,C36,489.44,360.15,C12,11396.35,11525.64,0,0
99,CASH_OUT,13.05,C39,2222.48,2209.43,C40,6426.52,6439.57,0,0
99,PAYMENT,13.11,C19,254.82,241.7,C12,11525.64,11538.75,0,0
99,CASH_IN,16.09,C26,12942.5,12926.4,C20,1486.83,1502.92,0,0
99,PAYMENT,16.88,C24,17958.48,17941.6,C35,4039.98,4056.87,0,0
99,CASH_IN,470.12,C35,4056.87,3586.74,C3,371.81,841.93,0,0
99,CASH_IN,64.53,C44,874.09,809.56,C6,125.46,189.98,0,0
99,TRANSFER,5.55,C17,5250.78,5245.23,C25,0.0,5.55,0,0
99,CASH_OUT,49.15,C48,457.18,408.04,C38,4153.83,4202.98,0,0
99,TRANSFER,120.87,C7,342.7,221.83,C21,5216.33,5337.2,0,0
99,CASH_IN,307.89,C38,4202.98,3895.09,C6,189.98,497.87,0,0
99,CASH_OUT,111.54,C21,5337.2,5225.66,C25,5.55,117.09,0,0
99,PAYMENT,69.71,C31,1410.82,1341.11,C29,4035.28,4104.99,0,0
99,CASH_OUT,92.1,C27,5038.93,4946.84,C36,360.15,452.25,0,0
100,CASH_OUT,433.76,C16,454.89,21.13,C30,4550.76,4984.52,0,0
100,CASH_IN,421.93,C30,4984.52,4562.59,C18,5018.9,5440.83,0,0
100,PAYMENT,33.77,C37,0.0,0.0,C47,0.0,33.77,0,0
100,TRANSFER,96.6,C50,5481.46,5384.85,C1,0.0,96.6,0,0
100,CASH_OUT,280.81,C26,12926.4,12645.6,C47,33.77,314.58,0,0
100,CASH_IN,24.83,C13,3026.91,3002.07,C22,5381.85,5406.68,0,0
100,CASH_OUT,25.22,C18,5440.83,5415.62,C17,5245.23,5270.45,0,0
100,CASH_OUT,51.44,C23,1713.23,1661.79,C41,4152.89,4204.32,0,0
100,PAYMENT,21.13,C16,21.13,0.0,C17,5270.45,5291.58,0,0
100,CASH_OUT,140.83,C38,3895.09,3754.26,C37,0.0,140.83,0,0
100,CASH_IN,251.5,C41,4204.32,3952.82,C12,11538.75,11790.26,0,0
100,TRANSFER,140.83,C37,140.83,0.0,C35,3586.74,3727.58,0,0
100,CASH_IN,266.68,C28,2066.3,1799.62,C26,12645.6,12912.28,0,0
100,PAYMENT,243.65,C20,1502.92,1259.27,C19,241.7,485.36,0,0
100,PAYMENT,186.7,C3,841.93,655.23,C50,5384.85,5571.56,0,0
100,TRANSFER,123.23,C37,0.0,0.0,C28,1799.62,1922.85,0,0
100,CASH_OUT,130.99,C31,1341.11,1210.12,C35,3727.58,3858.56,0,0
100,CASH_IN,166.85,C19,485.36,318.51,C7,221.83,388.68,0,0
100,CASH_OUT,1109.61,C24,17941.6,16831.98,C37,0.0,1109.61,0,0
100,PAYMENT,171.22,C32,5381.22,5210.0,C36,452.25,623.47,0,0
